0, 146.615, 101.692, 101.128
1, 147.795, 99.9487, 94.2821
2, 153.538, 104.077, 94.2051
3, 160.667, 110.59, 96.9744
4, 161.231, 110.128, 96.1795
5, 163.795, 109.872, 94.7692
6, 170.179, 113.769, 95.6667
7, 174.821, 117.667, 96.7436
8, 177.692, 119.41, 98.7436
9, 186.59, 126.385, 104.128
10, 201.333, 135.949, 107.359
11, 218.103, 141.974, 105.795
12, 247.282, 158.179, 113.282
13, 288.487, 177.872, 125.615
14, 346.615, 204.641, 140.179
15, 441.897, 247.949, 159.641
16, 601.513, 322.949, 193.282
17, 868.667, 444.769, 248.256
18, 1373.05, 676.897, 358.795
19, 2415.92, 1131.36, 582.154
20, 4361.03, 2134.62, 1081.23
21, 7246, 4162.69, 2121.74
22, 10364.7, 7262.15, 4228.67
23, 12576, 10086.1, 6860.31
24, 13574.9, 11710.6, 9349.97
25, 13449.8, 12193.3, 10917.2
26, 12203.7, 11557, 11088.9
27, 9551.28, 9613.41, 9646.28
28, 6118.95, 6387.95, 6934
29, 3209.74, 3332.59, 4031.49
30, 1576.56, 1532.59, 2025.46
31, 908.949, 821.615, 999.897
32, 595.231, 495.615, 543.282
33, 439.538, 345.077, 337.692
34, 354.795, 268.154, 240.41
35, 301.179, 219.308, 184.333
36, 262.846, 188.487, 157.308
37, 235.282, 170.897, 144.513
38, 214.205, 155.128, 133.641
39, 204.231, 146.179, 129.333
40, 194.769, 137.538, 123.231
41, 185.256, 130.487, 115.436
42, 175.513, 125.974, 111.897
43, 170.974, 122.513, 111.41
44, 168.487, 119.41, 108.385
45, 162.872, 113.615, 102.821
46, 155.872, 109.256, 98.7692
47, 151.103, 106.923, 97.7949
48, 144.385, 105.564, 99.2308
49, 143.769, 106.359, 99.9231
50, 145.641, 106.744, 100.103
51, 143.436, 103.718, 95.2821
52, 144.846, 104.205, 94.4359
53, 145.667, 105, 94.9744
54, 144.385, 103.128, 95.1538
55, 145.41, 103.333, 97.7179
56, 142.744, 100.462, 95.7692
57, 143.333, 101.641, 95.6667
58, 140.103, 101.282, 93.8718
59, 138.538, 98.8205, 93
60, 139.692, 96.7436, 93.359
61, 144.282, 97.7949, 94.4872
62, 142.846, 98.4359, 95.2821
63, 136, 98.9231, 96.4872
64, 129.538, 97.2051, 94.9487
65, 128.154, 95.6667, 91.4615
66, 127.744, 93.9487, 88.1282
67, 130.385, 93.0256, 89.8974
68, 128.974, 91.7179, 93
69, 130.051, 92.2051, 94.8462
70, 130.923, 90.5641, 94.4103
71, 133.821, 93.4615, 95.8718
72, 131.385, 93.7949, 95.9231
73, 128.154, 93.9744, 96.0256
74, 125.538, 92.9744, 94.6923
75, 128.897, 93.7692, 96.7179
76, 130.949, 93.1282, 98.1026
77, 133.359, 94.359, 98.9231
78, 134.103, 93.7949, 95.7436
79, 132.205, 94.9744, 93.5897
80, 134.795, 94.1538, 92.3846
81, 138.231, 93.8718, 92.0513
82, 133.744, 91.5128, 88.5128
83, 130.872, 90.0769, 85.6154
84, 130.487, 91.8205, 86.8718
85, 132.564, 94.9744, 88.0769
86, 131.795, 92.4872, 87.7949
87, 133.513, 92.7436, 91.1538
88, 136.872, 92.3846, 94.4359
89, 137.41, 90.8205, 91.6923
90, 135.59, 91.4615, 88.6667
91, 131.641, 88.6667, 84.3846
92, 134.026, 89.8205, 85.2821
93, 138.026, 92.641, 89.7436
94, 131.462, 89, 90.9231
95, 126.641, 89.1282, 91.6923
96, 122.128, 88, 91.5385
97, 123.692, 87.4359, 89.0769
98, 128.385, 88, 89.6923
99, 131.59, 88.4103, 88.641
100, 129.59, 87.8205, 86.3077
101, 126.462, 86.8462, 85
102, 124.231, 86.9487, 86.4359
103, 125.872, 89.5897, 89.8462
104, 125.103, 86.7949, 88.8974
105, 126.333, 85.4615, 89.8205
106, 126.615, 86.5128, 92.9744
107, 126.128, 89.8974, 93.9487
108, 121.641, 88.3333, 90.8718
109, 124.897, 89.3846, 91.3846
110, 130.128, 90.4615, 94.4872
111, 132.128, 89.3333, 94.2051
112, 132.949, 88.8718, 93.9487
113, 134.385, 90.3846, 93.7436
114, 133.513, 89.9231, 95.2308
115, 130.641, 88.3077, 94.4872
116, 128.718, 86.4359, 91.5641
117, 132.333, 88.8462, 90
118, 135.026, 91.2051, 90.3846
119, 136.513, 93.5641, 94.1795
120, 132.179, 91.641, 95.2308
121, 128.923, 88.2564, 91
122, 128.359, 88.3333, 88.5897
123, 131.179, 89.9744, 89.2051
124, 132.308, 90.4359, 88.1538
125, 130.923, 90.7179, 89.8718
126, 127.128, 90.3077, 89.8718
127, 125.718, 89.641, 88.7436
128, 124.949, 91.4103, 87.4615
129, 124.538, 92.5641, 86.2051
130, 122.103, 90.1282, 86.5385
131, 121.333, 87.9487, 86.359
132, 119.308, 85.359, 86.0513
133, 121.077, 83.6154, 87.1538
134, 125.436, 86.7949, 89.4615
135, 126.769, 87.8718, 89.5641
136, 125.692, 86.5385, 89.7692
137, 126.282, 87.7436, 90.0256
138, 126.667, 88.2308, 89.4615
139, 124.59, 87.0769, 86.5641
140, 123.026, 85.8718, 84.2564
141, 128.077, 86.1795, 84.0769
142, 133.974, 87.0769, 85.2308
143, 133.615, 86.4103, 86.9744
144, 130.154, 87.5128, 88.641
145, 130.538, 89.4872, 90.7692
146, 129.949, 88.7692, 88.7179
147, 131.026, 90.4615, 89.1538
148, 131.436, 90.5897, 91.7436
149, 131.179, 88.5385, 91.9487
150, 129.41, 86.8718, 91.1795
151, 130.667, 89.1795, 91.1795
152, 126.821, 89.3077, 90
153, 124.051, 86.4615, 88.0256
154, 128.59, 89.0256, 90.5897
155, 128.769, 89.8205, 90.8718
156, 127.231, 90.4103, 89.5128
157, 126, 91.7436, 87.7949
158, 127.59, 91.8462, 86.8718
159, 130.718, 91.9487, 89.9487
160, 128.359, 88.7436, 92.5641
161, 127.538, 88.7436, 95.6154
162, 127.231, 89.5385, 95.3077
163, 128.308, 89.4359, 91.3846
164, 125.897, 87.8205, 87.7179
165, 127.436, 88.7949, 89.2821
166, 129.282, 90.2821, 93.0513
167, 130.385, 90.5128, 94.4872
168, 126.872, 87.5385, 92.0513
169, 125.077, 87.9487, 91.4615
170, 122.308, 88.2051, 89.4359
171, 118.487, 86.1282, 87.5641
172, 120.359, 85.4103, 83.9231
173, 124.923, 86.9487, 83.7692
174, 131.333, 91.8462, 86.7949
175, 128.103, 90.0513, 87.4872
176, 124.462, 87.8462, 89.0513
177, 123.821, 86, 90.3846
178, 126.077, 84.5128, 89.7949
179, 128.41, 83.2821, 88.8462
180, 127.821, 83.5897, 87.2308
181, 130.128, 84.4103, 87.5897
182, 130.385, 85.4359, 89.4615
183, 130.59, 85.6667, 88.1795
184, 126.795, 85.5641, 87.3077
185, 122.538, 87.641, 88.359
186, 118.513, 87.8462, 88
187, 115.974, 86.0513, 88.0769
188, 115.385, 85.7436, 89.5641
189, 118.513, 87.1538, 91.6667
190, 120.308, 87.9487, 91.1282
191, 121.59, 88.8205, 90
192, 119.692, 86.6667, 88.4615
193, 121.154, 87.9487, 90.5897
194, 120.974, 88.5897, 91.5385
195, 123.949, 89.3077, 93.7949
196, 120.923, 87.5641, 93.8718
197, 115.821, 85.8718, 92.3333
198, 115.308, 85, 90.5385
199, 117.487, 84.7179, 88.7179
200, 118.462, 82.8205, 86.7949
201, 125.41, 87.7179, 92.2308
202, 126.051, 88.9744, 93.1795
203, 125.385, 88.2308, 93.8462
204, 122.359, 87.9744, 94.2051
205, 124.641, 88.4615, 95.2564
206, 124.026, 85.7692, 94.1795
207, 126.487, 86.7949, 91.8205
208, 127.359, 89.0256, 89.3077
209, 126.923, 90.3333, 87.8718
210, 124.513, 89.7692, 83.8462
211, 122.59, 87.1026, 81.5128
212, 124.692, 87.1795, 83.9231
213, 128.436, 87.9487, 86.7179
214, 127.641, 88.2821, 87.1026
215, 126.692, 88.7692, 86.3846
216, 126.769, 89.5897, 89.5128
217, 124.385, 90.2564, 91.0513
218, 123.821, 90.5897, 93.0513
219, 122.077, 87.9744, 89.1795
220, 122.923, 87.3846, 87.9231
221, 128.282, 88.3846, 88.0769
222, 130.821, 85.3846, 86.8974
223, 136.333, 89.359, 89.4615
224, 134.846, 89.9231, 89.9487
225, 132.744, 89.4103, 89.7436
226, 129.436, 88.8462, 89.3846
227, 124.923, 87.3333, 87.4615
228, 122.487, 86.8205, 87.5385
229, 126.59, 88.9231, 88.6667
230, 129.462, 89.0769, 87.2308
231, 130.179, 88.8462, 87.0513
232, 128.513, 89.9487, 87.1538
233, 128.564, 90.0513, 88.5897
234, 128.59, 88.7692, 88.3333
235, 130.077, 89.1538, 88.1026
236, 130.359, 89.1026, 86.641
237, 132.385, 89.4615, 89.0513
238, 131.59, 88.9487, 89.2821
239, 132.487, 90.2821, 91.1538
240, 127.795, 87.0513, 91.1026
241, 121.615, 84.4359, 89.3846
242, 118.231, 85.9231, 89.2564
243, 120.359, 89.1795, 92.0769
244, 121.769, 89.4872, 94.5641
245, 123.667, 90.8718, 94.359
246, 125.359, 92.2821, 92.0513
247, 123.359, 88.6154, 86.0769
248, 127.179, 90.7949, 87.9487
249, 132.744, 93.8205, 93.0256
250, 128.59, 90.3333, 93
251, 124.872, 86.5641, 89.2308
252, 125.513, 87, 88.1282
253, 129.821, 89.4103, 90.5641
254, 128.667, 89.4359, 92.7692
255, 127.487, 88.9487, 93.1538
256, 127.744, 89.6923, 93.9744
257, 125.949, 88.3846, 90.9744
258, 123.538, 84.9231, 88.4103
259, 122.564, 84.8718, 88.4359
260, 124.949, 86.4103, 87.8718
261, 131.231, 90.2821, 89.5897
262, 132.205, 90.3333, 87.5641
263, 133.333, 90.0256, 84.7949
264, 131.051, 89.1538, 85.6923
265, 129.769, 86.0256, 83.3077
266, 127.615, 83.5385, 81.9744
267, 128.692, 84.6154, 85.0256
268, 128.179, 86.1795, 87.641
269, 123.282, 85.4103, 87
270, 122.513, 86.0256, 87.1795
271, 124.846, 87.8462, 86.7949
272, 125.436, 87.641, 82.8462
273, 129.051, 87.5128, 81.3333
274, 129.333, 88.6667, 80.9744
275, 125.769, 86.0513, 80.7949
276, 124.462, 86.1282, 83.8974
277, 124.795, 88.6154, 86
278, 124.231, 89.4359, 85.5385
279, 126.718, 89.1026, 84.3846
280, 131.051, 88.8462, 85.359
281, 132.667, 89.8718, 86.8974
282, 127.487, 87.1795, 85.1026
283, 125.103, 85.7179, 84.641
284, 129.128, 86.7436, 87.2051
285, 133.692, 90.2564, 89.0513
286, 132.795, 90.2308, 88.8205
287, 129.154, 88.4615, 87.5897
288, 127.385, 88.5641, 88.3077
289, 124.974, 86.3846, 85.359
290, 127, 86.8718, 85.8205
291, 131.205, 89.1795, 89.2051
292, 131.051, 88.6154, 87.8462
293, 129.564, 88.4615, 86.4872
294, 131.487, 88.0256, 85.8205
295, 132.308, 87.1795, 85.2564
296, 130.974, 86.359, 85.5641
297, 131.179, 88.9744, 86.2051
298, 129.205, 89.0256, 85.0256
299, 126.41, 86.7949, 86.0513
300, 126.872, 86.9487, 88
301, 128.026, 87.359, 88.7436
302, 126.41, 89.4103, 91.5385
303, 127.256, 91.2564, 92.4615
304, 124.923, 87.6154, 89.5128
305, 125.282, 86.5641, 85.7692
306, 124.718, 86.2308, 85.6667
307, 125.077, 89.7949, 90.8974
308, 121.744, 90.1026, 91.2821
309, 119.641, 91.5128, 88.7692
310, 119.103, 89.2564, 86.7949
311, 118.846, 89.2821, 88.2564
312, 118.256, 89.7179, 89.8974
313, 120.923, 89.7949, 89.8462
314, 124.744, 91.9231, 91.8462
315, 124.436, 91.4615, 90.5128
316, 119.154, 87.6154, 84.0769
317, 122.308, 88.7949, 85.8974
318, 127.692, 89.7692, 88.5897
319, 126.718, 87.6923, 87.1795
320, 126.385, 89.3333, 85.8205
321, 131.385, 92.7179, 86.5385
322, 129.436, 93.1282, 85.7179
323, 126.462, 92.7179, 85.7692
324, 122.795, 91.7949, 86.8718
325, 123.949, 91.5385, 87.3077
326, 124.974, 89.8974, 87.0513
327, 127.59, 88.7436, 88.7692
328, 126.103, 87.3333, 91
329, 122.615, 88.0769, 93.5897
330, 116.256, 85.9487, 92.1026
331, 115.795, 86.2564, 88.9744
332, 120.256, 89.6667, 88.2821
333, 124.308, 90.7949, 89.1795
334, 129.051, 91.7179, 93.6154
335, 125.41, 89.4872, 93.8718
336, 117.538, 84.9487, 89.5128
337, 120.179, 87.4872, 89.3077
338, 120.41, 87.9231, 88.3846
339, 121.487, 87.6154, 88.6667
340, 121.436, 86.5641, 88.6667
341, 123.949, 87.7179, 90.0256
342, 125.872, 88.5641, 87.9487
343, 129.615, 90.5385, 88.8718
344, 130.615, 91.359, 90.8205
345, 126.769, 89.9744, 90.7692
346, 121.795, 87.7179, 89.2821
347, 119.59, 88.7179, 88.5897
348, 121.359, 90.641, 89.4103
349, 122.41, 90.4615, 86.3077
350, 122.821, 89.3333, 83.0769
351, 128.718, 88.4872, 83.6923
352, 131.718, 86.7179, 83.7692
353, 137.41, 90.3333, 88.9744
354, 136.718, 90.0256, 87.8974
355, 134.538, 87.6667, 82.7949
356, 132.385, 85.8205, 79.2564
357, 133.154, 86.4872, 80.8974
358, 130.333, 84.3077, 83.1282
359, 128.282, 83.5897, 86.7436
360, 126.769, 87.5641, 90.2564
361, 125.026, 87.8718, 89.8462
362, 122.513, 88.3333, 89.7436
363, 122.923, 87.6154, 91.2821
364, 126.128, 88.0256, 92.8205
365, 127.718, 87.641, 90.9487
366, 122.923, 86.5897, 88.2051
367, 118.026, 86.9231, 88.4872
368, 115.795, 88.0769, 91.6154
369, 120.615, 89.8718, 97.4103
370, 121.154, 86.4615, 95.9231
371, 122.41, 85.7692, 91.5385
372, 130.077, 90.3846, 91.5128
373, 135.359, 93.1026, 90.8205
374, 131.308, 90.9231, 88.2051
375, 127.795, 90.5128, 90.3846
376, 125.744, 89.1282, 91.9744
377, 126.282, 87.2308, 89.4359
378, 125.231, 88.359, 88.1026
379, 124.103, 90.3846, 86.0769
380, 122.128, 90.641, 85.9487
381, 120.897, 89.3846, 86.5641
382, 123.41, 90.8718, 89.9744
383, 124.795, 90.0513, 90.7436
384, 125.641, 89.0256, 92.7179
385, 129.59, 89.9744, 95.2564
386, 134.667, 91.7692, 96.2564
387, 133.436, 91.8205, 93.1538
388, 127.487, 90.2821, 89.7949
389, 125.641, 91.1538, 90.1026
390, 126.308, 92.2564, 89.4615
391, 125.026, 91.0769, 87.9231
392, 125.026, 90.4103, 87.7436
393, 126.256, 89.2821, 87.4615
394, 126.231, 87.2821, 85.2051
395, 127.231, 90.7949, 86.4359
396, 128.026, 89.7436, 88.0769
397, 128.513, 90.1282, 90.2051
398, 125.795, 88.3846, 90.4872
399, 123.897, 88.7692, 90.5641
400, 126.385, 92.1026, 95.1282
401, 130.513, 94.0256, 96.4615
402, 133.231, 94.6667, 96.4359
403, 126.513, 89.2051, 89.8462
404, 123.821, 87.3077, 89.2051
405, 125.051, 88.359, 89.8462
406, 126.231, 89.359, 90.1026
407, 127.564, 90.7949, 91.4359
408, 125.949, 90.6923, 91.8718
409, 121.949, 90.5897, 89.1538
410, 117.359, 89.641, 85.8462
411, 113.744, 89.641, 87.1538
412, 110.051, 87.1795, 86.3846
413, 118.231, 90.7949, 91.8462
414, 121.538, 91.8718, 91.3333
415, 121.949, 89.5128, 88.4615
416, 120.154, 90.0769, 88.0769
417, 124.667, 90.7949, 92.5897
418, 126.051, 88.8205, 93.8205
419, 126.667, 88.4359, 92.3846
420, 126.256, 87.5641, 89.7436
421, 128.205, 91.3077, 91
422, 125.718, 90.2821, 90.359
423, 127.513, 90.8718, 90.7436
424, 127.436, 90.0513, 89.8205
425, 125.231, 87.8462, 85.8974
426, 123.59, 83.3077, 83.8462
427, 127.718, 83.7436, 86.9744
428, 134.462, 89.2308, 92.3333
429, 135.231, 89.3333, 90.1795
430, 131.897, 88.6667, 88.6154
431, 132.179, 90.2821, 92
432, 129.026, 87.4872, 90.0256
433, 132.359, 86.5385, 88.8205
434, 135.59, 88.5385, 90.4615
435, 136.513, 88.7949, 90.3333
436, 135.462, 89, 91.1795
437, 134.949, 90.8462, 91.0769
438, 132.308, 91.2051, 90.1795
439, 130, 90.0769, 89.7436
440, 128.128, 87.6667, 90.7949
441, 127.821, 86.3333, 90.2821
442, 129.256, 87.2564, 90.6923
443, 125.462, 86.4615, 91.5385
444, 127.923, 91, 96.0513
445, 126.128, 90.8462, 94.3077
446, 124.744, 88.8205, 92.1026
447, 125.667, 89.8974, 91.9487
448, 123.872, 89.0513, 90.4103
449, 121.974, 88.641, 90.8718
450, 122.718, 89.4872, 92.8205
451, 124.308, 88.9487, 92.5128
452, 125.949, 89.1795, 90.9487
453, 128.846, 88.8205, 91.4872
454, 130.205, 88.2564, 91.4359
455, 127.487, 86.4103, 90.0256
456, 126.256, 88.0256, 91.2564
457, 129.538, 90.2821, 93
458, 126.846, 88.0513, 90.7436
459, 132.026, 87.5641, 90.6923
460, 130.282, 85.0256, 89.5128
461, 132.462, 87.2308, 88.8974
462, 132.026, 88.3333, 88.5641
463, 132.282, 90.0513, 89.6667
464, 130.59, 90.2051, 91.0256
465, 132.462, 92.6923, 94.5128
466, 130.923, 91.2051, 93.1026
467, 129.154, 90.2308, 90.8462
468, 122.718, 88.0513, 86.8718
469, 119.128, 87.9231, 85.2564
470, 119.641, 88.6923, 85.2821
471, 124.513, 90.1026, 89.2051
472, 125.718, 89.3333, 90.4359
473, 123.333, 87.9744, 89.4615
474, 122.821, 88.1282, 89.7692
475, 121.949, 88.3077, 89.9744
476, 122.846, 87.8462, 90.1282
477, 121.462, 88.6154, 92.6154
478, 122.385, 86.2564, 92.1538
479, 124.564, 85.5641, 90.359
480, 129.256, 88.5385, 94
481, 130.436, 89.2051, 93.1282
482, 131.205, 90.5641, 94.8718
483, 126.487, 89.9744, 93.2821
484, 122.795, 88.1282, 89.1795
485, 124.333, 87.4872, 87.2051
486, 129.103, 91.1795, 93.2564
487, 131.487, 92.8718, 96.1282
488, 127.897, 88.9744, 92.0513
489, 130.333, 90.1026, 94.0256
490, 126.769, 88.9487, 91.9231
491, 124.821, 87.1026, 91.5897
492, 121.256, 84.5385, 89.6923
493, 122.692, 84.8462, 88.359
494, 123.615, 84.5128, 86.4103
495, 125.333, 85.4103, 87.8974
496, 126, 86.0769, 89.1795
497, 124.821, 84.5641, 86.0769
498, 124.744, 83.5128, 84.641
499, 124.718, 86.7949, 85.9744
500, 123.974, 88.641, 86.1026
501, 124.154, 88.4615, 83.8462
502, 126.974, 88.3846, 85.1026
503, 128.333, 88.359, 86.359
504, 128.051, 88.3077, 89.3077
505, 127.974, 88.4359, 92.0513
506, 125.615, 88.0256, 92.4359
507, 123.077, 85.6154, 88.7949
508, 120.897, 85.7179, 86.5897
509, 120.128, 87.9231, 88.2821
510, 121.026, 88.7179, 90.2564
511, 124.949, 91.5128, 92.5128
512, 124.641, 91.1538, 89.7179
513, 124.564, 91.3846, 88.9231
514, 126.051, 90.2821, 89.3333
515, 127.359, 92.7949, 93.2308
516, 128.231, 94.2821, 96.1538
517, 123.692, 89.4103, 93.2564
518, 123.872, 87.359, 92.6154
519, 126.897, 88.0256, 93.7692
520, 126.923, 87.7692, 92.359
521, 124.256, 88.3846, 91.5897
522, 124.41, 90.4103, 93.4615
523, 124.077, 89.4103, 91.8205
524, 123.154, 87.6923, 88.359
525, 126.154, 89.2821, 88.6154
526, 128.974, 88.9744, 86.3333
527, 129.513, 88.7949, 84.9744
528, 128.872, 88.0513, 86.1026
529, 129.256, 87.8205, 86.7436
530, 129.564, 86.8718, 87
531, 132.282, 86.2308, 87.1026
532, 135.179, 86.2308, 86.4615
533, 135.436, 87.5641, 87.8974
534, 129.154, 85.6923, 86.5385
535, 128.872, 87.1282, 88.2051
536, 126.821, 87.8718, 90.7692
537, 124.513, 88.4872, 93.7436
538, 121.795, 87.3333, 91.4615
539, 124.795, 89.6154, 91
540, 127.769, 89.6923, 89.5385
541, 131.385, 90.2821, 90.1538
542, 131.59, 90.1795, 90.4359
543, 128.744, 88.8205, 91.6154
544, 129.59, 91.6667, 93.9744
545, 128.385, 92, 93.2308
546, 127.846, 93.7949, 93.5128
547, 125.051, 92.641, 91.0256
548, 125.821, 91.8462, 91.0769
549, 123.051, 87.5128, 88.8974
550, 122.795, 89.2051, 88.7179
551, 123.462, 91.7179, 90.1795
552, 124.949, 91.7692, 92.4872
553, 121.692, 90.4359, 94.9487
554, 119.205, 87.1795, 95.1795
555, 121.333, 88.1795, 94.7436
556, 123.513, 88.7179, 93
557, 126, 88.7179, 92.7179
558, 125.692, 87.6667, 92
559, 125.205, 89, 92.5897
560, 124.308, 89.1026, 92.1282
561, 122.564, 88.8462, 92.9487
562, 123.077, 89.4872, 95.2821
563, 126.308, 89.3333, 94.9487
564, 128.359, 87.7949, 95.1538
565, 132.769, 90.6667, 94.8462
566, 127.667, 88.9231, 91.7692
567, 125.718, 90.9744, 90.7179
568, 122.692, 90.8718, 90.5128
569, 122.282, 89.8974, 89.5641
570, 122.615, 87.641, 87.4615
571, 123.308, 87, 87.2051
572, 124.205, 89.8205, 87.9744
573, 125.846, 91.3333, 89.4615
574, 125.821, 88.9744, 86.4359
575, 132.897, 91.5128, 92.1795
576, 135.615, 88.6923, 95.4359
577, 134.692, 89.3077, 98.8974
578, 128.256, 89.2051, 96.0513
579, 122.436, 87.4615, 90
580, 122.821, 87.9231, 86.9231
581, 127.615, 90.9487, 88.8718
582, 129.692, 90.9231, 89.9487
583, 127.641, 90.8718, 88.7692
584, 126.564, 90.5897, 86.7436
585, 128.308, 91.3333, 87.9487
586, 127.564, 90.4615, 87.5128
587, 125.282, 89.1795, 85.5897
588, 126.436, 91.8462, 87.2051
589, 126.282, 91.1795, 86.5128
590, 127.026, 91.8718, 87.2821
591, 130.462, 93.2821, 91.6667
592, 129.41, 92.8205, 93.6923
593, 128.897, 90.9744, 94.9231
594, 131.026, 92.359, 95.8718
595, 128.231, 91.6667, 94.8205
596, 125.282, 89.1538, 93.8718
597, 126.256, 88.4359, 92.5897
598, 126.205, 87.3846, 91.2564
599, 125.744, 88.2051, 91.4872
600, 127.205, 89.3333, 92.7692
601, 126.692, 89.3077, 92.4615
602, 120.667, 87.359, 90.4103
603, 120.41, 89.7179, 92.0513
604, 123.923, 93.8718, 94.8718
605, 125.795, 93.1795, 94.5641
606, 123.949, 89.8205, 91.9744
607, 120.872, 88.2308, 90.3846
608, 115.615, 87.2308, 90.6667
609, 117.308, 87.4359, 94.4872
610, 121.436, 89.1795, 98.8718
611, 123.154, 89.8718, 97.3333
612, 121.795, 88.3846, 94.0513
613, 120.641, 86.4359, 88.6923
614, 123.256, 86.8718, 85.1538
615, 130.333, 91.1795, 86.3333
616, 132.231, 92.5385, 89.6154
617, 129.872, 91.6154, 89.9744
618, 124.949, 88.7179, 85.6667
619, 116.051, 84.9487, 83.2051
620, 117.821, 86.3333, 85.7692
621, 121, 85.5128, 87.3846
622, 121.897, 85.7179, 89.8205
623, 126.308, 88.7949, 95.4872
624, 126.795, 88.4103, 95.6667
625, 124.897, 86.2051, 89.6154
626, 122.128, 86.2308, 86
627, 123.487, 88.1026, 86
628, 120.667, 87.7179, 87.8462
629, 124.308, 90.4872, 91.2051
630, 122.667, 90.1538, 91.7949
631, 118.513, 85.8205, 87.9744
632, 115.872, 85.2308, 89.2308
633, 117.59, 89.6154, 92.2308
634, 114.897, 88.2821, 91.359
635, 116.41, 87.5128, 93.0769
636, 117.256, 86.1538, 94.0769
637, 119.795, 86.641, 96.1026
638, 121.641, 86.3846, 97.2308
639, 123.667, 87.2308, 97
640, 126.872, 87.7949, 96.8974
641, 130.051, 89.6667, 97.1282
642, 129.59, 85.7436, 91.2051
643, 132.667, 87.6154, 92.7179
644, 135.641, 87.2308, 93.2051
645, 136.897, 88.3333, 93.8205
646, 138.513, 89.1282, 93.5128
647, 136.333, 88.5385, 91.3077
648, 132.821, 88.8462, 88.5641
649, 130.41, 89.8205, 88.1795
650, 129.513, 92, 90.2051
651, 129.282, 89.8974, 87.2051
652, 130.051, 88.0769, 86.3333
653, 132.128, 90.3846, 87.4103
654, 130.974, 90.4359, 89.8718
655, 127.974, 87.7692, 90.4872
656, 125.436, 86.1538, 93.0769
657, 129.538, 87.9231, 94.7692
658, 127.667, 85.5641, 91.8718
659, 128.59, 85.8462, 88.2821
660, 134.205, 90.6923, 91.4872
661, 132.436, 91.2308, 91.4103
662, 125.846, 90.2051, 89.8974
663, 119.128, 87.1795, 89.0256
664, 120.744, 88.4359, 95.0513
665, 126.641, 91.0513, 101.538
666, 123.718, 88.4872, 98.7692
667, 120.128, 86.1795, 94.5897
668, 119.641, 89.1282, 95.6923
669, 123.436, 93.2821, 97.4103
670, 118.564, 89.2051, 93.5385
671, 117.513, 86.6667, 90.7692
672, 122.231, 91.5897, 95.2051
673, 123.41, 93.2821, 95.1795
674, 122.462, 92.3077, 95.8205
675, 118.538, 89.0256, 93.4872
676, 122.256, 88.0256, 92.1282
677, 129.462, 91.4103, 91.6154
678, 127.359, 88.2051, 88.0769
679, 129.103, 90.2564, 91.0256
680, 127.128, 90, 93.0513
681, 124.154, 89.1795, 94.0256
682, 120.897, 88.8974, 92.9487
683, 119.41, 89.4103, 93.1026
684, 114.359, 86.2564, 89.7179
685, 117.436, 86.4615, 89.5897
686, 123.256, 88.359, 93.2821
687, 128.308, 89.359, 97.2308
688, 127.385, 87.4359, 98.4103
689, 128.385, 88.3333, 98.641
690, 125.718, 88.1795, 97.7179
691, 125, 89.5641, 99.1538
692, 123.359, 89.4615, 100.103
693, 122.077, 87.5385, 98.6667
694, 120, 86.5641, 95.9744
695, 124.359, 88.0256, 96.8718
696, 123.974, 85.9744, 96.4359
697, 121.949, 85.0513, 94.3846
698, 124.436, 88.0256, 98.5385
699, 125.128, 87.9231, 99.3333
700, 123.513, 86.8462, 95.9744
701, 122.667, 89.8974, 93.3077
702, 123.308, 92.6667, 92.5128
703, 122.667, 91.359, 89.5128
704, 126.513, 92.4615, 92.0513
705, 128.641, 91.4615, 93.2821
706, 129.795, 90.4359, 96.9744
707, 132.205, 90.8718, 100.615
708, 130.205, 88.5897, 101.436
709, 128.718, 88.359, 99.9231
710, 127.821, 88.5128, 96.5897
711, 127.179, 88.2821, 96.4103
712, 127.026, 89.4872, 96.5897
713, 127.949, 91.5641, 99.7949
714, 123.974, 90.2564, 99.2821
715, 122.308, 88.359, 95.1795
716, 121.744, 86.8462, 93.7949
717, 124, 86.2308, 92.1026
718, 123.974, 85.7949, 90.9487
719, 125.744, 88.7436, 94.641
720, 119.667, 87.6667, 93.1538
721, 117.154, 87.9744, 94.4615
722, 119.974, 90.1795, 96.641
723, 121.769, 88.8718, 95.9231
724, 125.923, 87.8205, 95.1026
725, 126.179, 85.4103, 93.5385
726, 126.333, 85.2308, 94.3333
727, 127.051, 88.3333, 96.9231
728, 123.897, 88.9231, 97.0513
729, 121.179, 87.8718, 93.2308
730, 125.333, 91.5385, 95.6154
731, 126.462, 91.8974, 97.4359
732, 123.333, 90.2308, 98.4872
733, 125.359, 90.5385, 100.513
734, 125.641, 87.3846, 100.179
735, 129, 87.6667, 100.385
736, 130.769, 90.8718, 100.718
737, 132.026, 90.5897, 100.974
738, 129.231, 89.5897, 101.308
739, 129.256, 88.8205, 100.821
740, 130.744, 89.0513, 101.923
741, 134.359, 91.4359, 105.692
742, 131.179, 91.6154, 110.282
743, 124.564, 89.9744, 113.538
744, 120.231, 89.1026, 116.59
745, 123.821, 89.5128, 119.667
746, 128.205, 89.4615, 124.667
747, 132.487, 90.6154, 132.205
748, 136.641, 92.8718, 144.385
749, 139.744, 95.4103, 160.59
750, 142.872, 98.1795, 179.667
751, 146, 99.4359, 199.974
752, 150.846, 100.795, 218.897
753, 154.154, 101.282, 235.487
754, 154.41, 101.564, 250.667
755, 153.103, 101.538, 262.615
756, 152.077, 100.821, 273.179
757, 153.41, 102.872, 285.795
758, 151.949, 103.718, 291
759, 148.436, 103.128, 294.974
760, 146.41, 104.59, 302.205
761, 147.308, 105.128, 311.026
762, 146.487, 105.462, 314.026
763, 141.974, 102.615, 312.872
764, 139.538, 103.692, 313.359
765, 137.487, 103.949, 313.154
766, 133.692, 100.026, 312.769
767, 138, 101.564, 320.692
768, 142.154, 103.615, 336.308
769, 146.077, 105.128, 365.256
770, 147.513, 107.462, 408.718
771, 151, 114.462, 472.359
772, 159, 121.949, 553.513
773, 170.026, 127.897, 652.923
774, 178.821, 135.538, 765.949
775, 189.41, 146.487, 901.41
776, 198.974, 157.564, 1063.56
777, 213.692, 173.667, 1248.95
778, 218.615, 185.487, 1432.15
779, 230.59, 207.051, 1641.92
780, 238.179, 221.564, 1862.79
781, 257.538, 247.308, 2112.31
782, 263.949, 259.692, 2373.23
783, 271.282, 274.872, 2638.9
784, 275.744, 291.308, 2929.18
785, 285.256, 315.974, 3210.33
786, 281.949, 320.641, 3474.38
787, 294.026, 339.128, 3750
788, 292.487, 348.641, 3984.26
789, 303.103, 364.154, 4209.92
790, 299.744, 376.436, 4421.46
791, 300.487, 378.641, 4588.72
792, 294.179, 379.282, 4731.41
793, 293.41, 386.795, 4850.15
794, 283.282, 380.923, 4973.49
795, 286.103, 392.231, 5080.08
796, 278.718, 382.692, 5165.08
797, 281.667, 392.436, 5222.59
798, 276.103, 395.974, 5279.56
799, 279.154, 399.179, 5309.59
800, 276.462, 392.564, 5324.64
801, 277.282, 399.615, 5318.31
802, 267.769, 393.949, 5305.62
803, 261.897, 399.103, 5277.82
804, 241.359, 383.385, 5228.18
805, 243.744, 384.718, 5165.54
806, 234.487, 380.359, 5019.36
807, 233.385, 379.179, 4868.05
808, 218.487, 359.564, 4663.85
809, 220.308, 354.59, 4439.08
810, 195.564, 332.769, 4235.85
811, 196.846, 335.974, 4104.97
812, 191.231, 330.564, 4092.13
813, 202.051, 355.103, 4216.79
814, 207.692, 372.487, 4424.13
815, 220.769, 405.641, 4728.05
816, 231.128, 435.051, 5061.62
817, 251.59, 479.333, 5383.38
818, 234.103, 483.051, 5620.49
819, 240.462, 500.667, 5861.31
820, 233.154, 515.231, 6004.15
821, 229.077, 519.744, 6089.49
822, 230, 539.205, 6226.31
823, 233.103, 555.846, 6344.77
824, 225.359, 567.923, 6447.62
825, 229.615, 586.667, 6548.49
826, 226.154, 587.231, 6637.49
827, 245.308, 615.333, 6730.08
828, 240.769, 617.744, 6797.69
829, 247.564, 632.487, 6883.08
830, 231.154, 625.513, 6920.33
831, 233.692, 637.897, 6954.03
832, 228.077, 630.692, 6960.41
833, 244.692, 646.692, 6999.49
834, 238.538, 647.103, 7034.95
835, 243.513, 660, 7098.54
836, 244.872, 659.487, 7147.69
837, 250.051, 670.385, 7200.41
838, 245.179, 661.154, 7240.18
839, 252.949, 674.615, 7289.85
840, 251.513, 675.436, 7338.87
841, 250.769, 686.641, 7381.56
842, 241.641, 674.359, 7413.31
843, 248.795, 681.462, 7432.51
844, 250.436, 663.795, 7430.74
845, 244.205, 673.18, 7432.92
846, 244.718, 660.615, 7432.67
847, 244.974, 675.359, 7454.85
848, 238.538, 668.308, 7434.82
849, 239.333, 679.385, 7416.87
850, 235.821, 673.718, 7404.72
851, 235.282, 684.026, 7422.72
852, 229.154, 681.256, 7443.85
853, 242.949, 702.282, 7475.44
854, 244.41, 715.077, 7480.69
855, 246.949, 734.333, 7512.72
856, 240.051, 733.923, 7509.72
857, 249.385, 766.872, 7537.97
858, 245.538, 781.487, 7554.9
859, 262.538, 817.718, 7582.56
860, 247.718, 834.615, 7572.77
861, 258.103, 877.256, 7597.72
862, 248.949, 888.487, 7596.46
863, 250.41, 933.795, 7615.82
864, 257.41, 966.846, 7613.69
865, 277.564, 1026.54, 7621.87
866, 272.974, 1056.1, 7611.03
867, 269.205, 1098.23, 7592.79
868, 274.256, 1141.64, 7573.72
869, 279.974, 1192.46, 7568.49
870, 269.179, 1228.44, 7549.9
871, 288.385, 1295.21, 7533.79
872, 291.231, 1362.54, 7520.31
873, 291.769, 1412.64, 7504.36
874, 292.897, 1467.67, 7458.46
875, 307.513, 1541.97, 7436
876, 305.179, 1609.21, 7406.97
877, 305.103, 1654.62, 7376.18
878, 304.436, 1723.05, 7362.21
879, 321.949, 1804.54, 7344.64
880, 319.667, 1871.59, 7324.85
881, 335.949, 1954.15, 7309.85
882, 347.641, 2025.05, 7290.77
883, 344.821, 2098.95, 7250.51
884, 355.462, 2171.74, 7220.44
885, 361.795, 2247.54, 7190.74
886, 365.692, 2319.36, 7146.38
887, 383.154, 2399.95, 7092.82
888, 374.795, 2463.36, 7039.69
889, 384.308, 2532.69, 6982.44
890, 389.359, 2595.54, 6915.15
891, 412.538, 2653.74, 6805.18
892, 407.949, 2687.9, 6740.15
893, 422.41, 2750.51, 6705.54
894, 417.513, 2776.49, 6633.33
895, 442.564, 2828.05, 6553.67
896, 435.436, 2847.59, 6438.64
897, 442.231, 2861.56, 6320.49
898, 436.641, 2853.95, 6159.72
899, 441.256, 2824.67, 5979.85
900, 430, 2766.46, 5745.15
901, 429.282, 2686.82, 5483.05
902, 406.59, 2577.08, 5167.36
903, 389.641, 2457.69, 4842.54
904, 365.949, 2356.67, 4564.74
905, 363.538, 2307.85, 4366.9
906, 360.487, 2318.56, 4290.44
907, 389.026, 2398.23, 4333.77
908, 403.333, 2499.08, 4426.44
909, 435.795, 2658.15, 4580.15
910, 451, 2819.05, 4746.36
911, 483.513, 2970.9, 4884.18
912, 485.897, 3080.36, 5005.49
913, 501.897, 3187.62, 5099.56
914, 492.128, 3266.79, 5121.49
915, 512.077, 3323.38, 5137.67
916, 516.231, 3393.9, 5116.82
917, 522.077, 3449.74, 5117.64
918, 530.692, 3504.64, 5082.74
919, 548.769, 3561.51, 5053.18
920, 546.974, 3594.49, 5005.85
921, 549.82, 3635, 4968.95
922, 548.949, 3686.74, 4930.44
923, 569.974, 3734.87, 4882.36
924, 560.41, 3755.56, 4802.67
925, 571.462, 3785.59, 4732.9
926, 587.872, 3823.1, 4663.23
927, 604.359, 3841.92, 4579.21
928, 597.641, 3856, 4493.64
929, 607.744, 3876.92, 4408.21
930, 613.769, 3882.62, 4315.21
931, 617.487, 3880.03, 4217.18
932, 610.154, 3875.23, 4116.87
933, 627.974, 3881.79, 4027.33
934, 635.513, 3896.59, 3960.79
935, 652.667, 3913.97, 3887.82
936, 655.795, 3927.97, 3820.95
937, 676.051, 3944.74, 3755.74
938, 687.744, 3963.33, 3705.08
939, 705, 3985.33, 3654.9
940, 705.795, 4018.18, 3601.26
941, 709.462, 4031, 3535.03
942, 725.974, 4061.54, 3480.38
943, 749.795, 4096.67, 3427.41
944, 756.051, 4111.13, 3357.79
945, 758.923, 4118.21, 3282.46
946, 765.18, 4144.44, 3210.77
947, 783.795, 4172.77, 3142.13
948, 809.205, 4217.67, 3098.54
949, 821.692, 4223.1, 3025.21
950, 838.051, 4221.05, 2949.62
951, 846.949, 4230.08, 2881.08
952, 860.205, 4242.05, 2814.92
953, 868.974, 4247.38, 2742.15
954, 875.974, 4233.15, 2657.23
955, 880.718, 4234.85, 2582.36
956, 903.974, 4239.33, 2517.18
957, 913.564, 4235.74, 2454.87
958, 917.308, 4226.77, 2381.95
959, 917, 4216, 2308.56
960, 925.103, 4210.36, 2240.72
961, 943.103, 4219.92, 2181.9
962, 952.949, 4228.87, 2118.9
963, 951.615, 4248.51, 2062.26
964, 970.538, 4228.1, 2014.69
965, 980.974, 4241.31, 1963.15
966, 978.154, 4237.9, 1901.21
967, 993.077, 4286.03, 1867.64
968, 999.615, 4276.67, 1814.67
969, 999.256, 4280.67, 1765.87
970, 991.103, 4273.33, 1707.97
971, 986.333, 4280.82, 1666.41
972, 994.103, 4276.13, 1630.05
973, 992.897, 4277.03, 1594.03
974, 1006.13, 4251.82, 1544.23
975, 1002.54, 4246.03, 1505.56
976, 1009.85, 4205.56, 1468.36
977, 1002.9, 4163.82, 1431.41
978, 1003.05, 4126.54, 1388.41
979, 992.462, 4089.49, 1336.95
980, 1004.67, 4065.62, 1315.18
981, 1009.13, 4073.08, 1284.79
982, 1009.9, 4037, 1253.36
983, 1015, 4043.49, 1229.85
984, 1023.23, 4023.44, 1212.41
985, 1016.31, 4016, 1178.23
986, 1012.31, 3983.13, 1141.95
987, 1007.85, 3946.64, 1103.08
988, 1017.56, 3927.54, 1077.82
989, 1026.31, 3924, 1072.18
990, 1036.41, 3918.72, 1058.36
991, 1042.26, 3908.64, 1043.36
992, 1063.21, 3911.28, 1035.46
993, 1078.03, 3911.28, 1014.05
994, 1095.64, 3892.15, 998.872
995, 1102.77, 3875.72, 970.744
996, 1125.87, 3861.26, 961.487
997, 1154.54, 3855.33, 951.282
998, 1163.44, 3824.36, 931.308
999, 1169.92, 3785.33, 909.872
1000, 1179.15, 3744.49, 888.564
1001, 1195.31, 3714.28, 876.949
1002, 1213.67, 3687.51, 858.615
1003, 1234.23, 3670.77, 845.077
1004, 1256.33, 3646.38, 837.641
1005, 1274.49, 3619.49, 831.564
1006, 1296.26, 3598.72, 815.333
1007, 1317.08, 3573.21, 799.769
1008, 1344.18, 3554.18, 788.744
1009, 1372.44, 3539.41, 775.487
1010, 1395.49, 3524.59, 760.154
1011, 1415.36, 3514.72, 751.538
1012, 1440.69, 3494.1, 732.846
1013, 1471.31, 3469.56, 725.615
1014, 1513.38, 3476.64, 716.949
1015, 1528.44, 3443.67, 694.795
1016, 1548.18, 3451.46, 683.846
1017, 1560.05, 3440.46, 678.205
1018, 1573.64, 3438.56, 670.128
1019, 1588.1, 3419.97, 666.308
1020, 1607.26, 3412.31, 647.205
1021, 1635.41, 3399.92, 641.513
1022, 1665.51, 3387.15, 626.615
1023, 1689.08, 3376.41, 619.513
1024, 1698.44, 3345.92, 602.154
1025, 1714.33, 3313.49, 592.308
1026, 1739.03, 3304.26, 585.256
1027, 1749.18, 3262.74, 577.282
1028, 1764.9, 3231.72, 556.923
1029, 1781.56, 3192.08, 541.359
1030, 1816.49, 3174.05, 529.256
1031, 1840.56, 3147.59, 525.615
1032, 1833.13, 3100.18, 505.179
1033, 1833.54, 3058.46, 492.333
1034, 1839.13, 3029.82, 480.462
1035, 1863.33, 2992.72, 478.897
1036, 1885.28, 2976.26, 468.231
1037, 1902.79, 2953.28, 466.359
1038, 1900.95, 2919.54, 460.256
1039, 1904.08, 2896.59, 456.897
1040, 1918.92, 2866.82, 444.769
1041, 1933.79, 2834.46, 441.487
1042, 1947.49, 2808.28, 427.359
1043, 1965.05, 2778.36, 422.462
1044, 1980.74, 2755.9, 413.641
1045, 1988.56, 2714.36, 407.538
1046, 1987.44, 2673.97, 404.769
1047, 2004.92, 2636.62, 401.026
1048, 2023.72, 2611.97, 396.487
1049, 2031.41, 2565.69, 388.692
1050, 2042.92, 2521.95, 375.897
1051, 2075.62, 2492.77, 378.359
1052, 2090.72, 2456.87, 372.487
1053, 2105.31, 2415.79, 373.949
1054, 2131.59, 2376.64, 368.59
1055, 2161.31, 2333.85, 367.205
1056, 2200.85, 2302.69, 363.974
1057, 2247.82, 2273.23, 359.205
1058, 2289.05, 2235.74, 347.538
1059, 2340.46, 2198.95, 342.538
1060, 2371.67, 2166.79, 338.872
1061, 2430.13, 2142.56, 333.103
1062, 2476.74, 2126.49, 334.359
1063, 2524.23, 2106.54, 335.205
1064, 2571.38, 2078.18, 329.282
1065, 2625.74, 2041.87, 319.667
1066, 2682, 2020.97, 322.564
1067, 2731.23, 1998.69, 316.026
1068, 2808.79, 1980.36, 322.667
1069, 2881.87, 1963.05, 320.897
1070, 2942.41, 1937.41, 318.769
1071, 3002.49, 1916.18, 315.538
1072, 3060.26, 1904.1, 321.41
1073, 3104.72, 1867.74, 316.923
1074, 3153.15, 1845.85, 310.026
1075, 3222.82, 1817.36, 309.128
1076, 3291.21, 1805.92, 314.846
1077, 3343.56, 1784.38, 303.103
1078, 3398.18, 1776.64, 303.769
1079, 3442.87, 1755.72, 303.538
1080, 3491.31, 1728.54, 303.692
1081, 3546.03, 1700.51, 304.821
1082, 3572.79, 1685.08, 303.923
1083, 3580.49, 1645.56, 289.923
1084, 3620.18, 1627.41, 305.564
1085, 3649.69, 1598.51, 307.821
1086, 3660.36, 1571.05, 305.744
1087, 3667.64, 1539.13, 301.333
1088, 3672.72, 1507.82, 298.231
1089, 3683.97, 1465.46, 286.231
1090, 3681.49, 1444.08, 282.564
1091, 3677.1, 1410.33, 272.718
1092, 3676.64, 1385.54, 274.615
1093, 3671.03, 1348.62, 269.897
1094, 3677.44, 1324.13, 266.513
1095, 3674.33, 1296.56, 268
1096, 3684.56, 1274.95, 265.462
1097, 3674.95, 1249.79, 262.795
1098, 3654.79, 1219.9, 259.974
1099, 3629.95, 1193.28, 253.179
1100, 3616.41, 1167.28, 256.051
1101, 3595.59, 1133.23, 248.487
1102, 3572.44, 1107.18, 250.282
1103, 3563.41, 1077.56, 248.718
1104, 3542.33, 1052.18, 248.462
1105, 3522.03, 1023.87, 242.179
1106, 3506.74, 1002.18, 242.744
1107, 3477.28, 969.641, 236.513
1108, 3463.82, 950.077, 240.462
1109, 3425.82, 915.82, 232.026
1110, 3382.59, 889.436, 228.641
1111, 3352, 864.051, 228.256
1112, 3329.72, 843, 227
1113, 3304.41, 811.59, 217.744
1114, 3273.08, 785, 214.538
1115, 3233.92, 756.026, 209.615
1116, 3194.38, 728.18, 203.846
1117, 3160.79, 705.564, 200.974
1118, 3134.97, 688, 198.128
1119, 3109.1, 664.18, 191.641
1120, 3081.36, 651.538, 197.667
1121, 3036.28, 625.974, 188.154
1122, 3001.9, 603.667, 183.051
1123, 2973.85, 583.487, 184.282
1124, 2954.49, 572.82, 185.974
1125, 2927.23, 556.051, 182.718
1126, 2900.28, 541.333, 186.462
1127, 2867.36, 524.154, 184.436
1128, 2829.72, 501.667, 178.846
1129, 2786.9, 482.231, 170.205
1130, 2743.05, 468.282, 166.718
1131, 2716.08, 450.692, 165.641
1132, 2700.51, 437.872, 166.026
1133, 2672.87, 419.436, 159.103
1134, 2642, 411.538, 160.333
1135, 2620.08, 400.154, 157.744
1136, 2602.49, 397, 164.872
1137, 2583.38, 383.513, 158.949
1138, 2543.54, 366.769, 155.974
1139, 2507.51, 351.974, 150.692
1140, 2488.13, 346.333, 151.846
1141, 2482.56, 342.795, 155.872
1142, 2468.82, 339.179, 156.256
1143, 2437.13, 326, 150.641
1144, 2406.46, 321.462, 152.795
1145, 2378.23, 312.667, 152.026
1146, 2364.74, 302.513, 151.282
1147, 2337.77, 292.718, 150.769
1148, 2304.67, 292.436, 148.872
1149, 2273.08, 281.769, 146.077
1150, 2241.9, 274.487, 143.154
1151, 2214.05, 268.436, 141.718
1152, 2196.21, 268.872, 144.077
1153, 2167.95, 263.872, 150.231
1154, 2145.79, 258.667, 147.846
1155, 2124.21, 256.231, 152.359
1156, 2099.41, 250.744, 148.41
1157, 2063.85, 245.795, 144.769
1158, 2029.41, 241.128, 140.59
1159, 2008.54, 236.641, 140.718
1160, 1993.15, 236.026, 143.205
1161, 1969.85, 233.256, 147.436
1162, 1936.23, 228.641, 142.718
1163, 1903.56, 218.692, 139.359
1164, 1887.05, 217.179, 137.692
1165, 1869.46, 219.59, 139.41
1166, 1837.74, 215.333, 134.923
1167, 1805.87, 209.821, 131.308
1168, 1795.08, 211.077, 133.231
1169, 1772.79, 211.282, 136.769
1170, 1758, 209.205, 135.077
1171, 1755.72, 204.923, 131.718
1172, 1733.54, 201, 131.051
1173, 1702.59, 195.718, 127.179
1174, 1684.44, 194.436, 125.256
1175, 1668.36, 194.205, 128.333
1176, 1647.97, 195.769, 132.077
1177, 1623.62, 191.41, 131.846
1178, 1600.9, 188.436, 127.41
1179, 1590.46, 186.179, 129.205
1180, 1582.21, 184.949, 127.923
1181, 1565.1, 178.846, 125.641
1182, 1550.44, 178.615, 127
1183, 1531.08, 181.667, 133.231
1184, 1508.87, 177.923, 129.436
1185, 1492.05, 176, 129.179
1186, 1473.62, 175.051, 129.205
1187, 1443.23, 167.795, 123.615
1188, 1418.36, 166.205, 126.692
1189, 1399.95, 165.718, 130.615
1190, 1389.69, 165.692, 133.051
1191, 1361.97, 162.41, 129.923
1192, 1330.79, 159.897, 127.667
1193, 1296.62, 158.718, 128.667
1194, 1274.82, 154.692, 126.231
1195, 1250.31, 153.538, 126.923
1196, 1227.08, 153.692, 129.385
1197, 1203.1, 149.846, 127.462
1198, 1181.92, 150.205, 128.154
1199, 1159.26, 150.564, 127.692
1200, 1138.87, 151.436, 127
1201, 1116.85, 150.744, 125.333
1202, 1099.18, 147.333, 127
1203, 1079.26, 144.154, 128.256
1204, 1063.82, 141.744, 130.923
1205, 1041.21, 137.359, 128.564
1206, 1012.03, 136.487, 124.821
1207, 973.82, 134.077, 119.897
1208, 945.744, 136.59, 122.641
1209, 911.82, 132.205, 121.359
1210, 877.846, 126.513, 119.359
1211, 848.051, 123.333, 118.308
1212, 824.308, 125.821, 118.308
1213, 806.051, 123.692, 114.385
1214, 795.872, 123.103, 114.846
1215, 798.718, 123.256, 118.205
1216, 811.333, 127.179, 124.077
1217, 817.667, 128, 126.308
1218, 813.282, 126.462, 123.154
1219, 812.359, 126.103, 120.308
1220, 805.564, 128.846, 121.949
1221, 802, 126.923, 120.846
1222, 797.462, 126.923, 121.282
1223, 795.385, 129.513, 125
1224, 785.18, 129.436, 126.308
1225, 769.59, 128.308, 126
1226, 765.282, 128.282, 128.564
1227, 763.256, 127.769, 125.615
1228, 760.538, 125.974, 118.667
1229, 752.795, 127.308, 117.872
1230, 742.231, 128.256, 119.282
1231, 728.077, 126.513, 120.179
1232, 713.231, 124.462, 120.436
1233, 698.59, 120.436, 116.205
1234, 685.641, 118.795, 112.205
1235, 664.795, 118.513, 110.436
1236, 653.615, 120.359, 113.026
1237, 647.333, 123.744, 116.769
1238, 633.641, 121.256, 113.436
1239, 616.231, 120.077, 111.897
1240, 602.872, 120.974, 113.231
1241, 590.538, 120.256, 110.487
1242, 573.359, 116.564, 108.513
1243, 553.795, 117.974, 111.564
1244, 532.282, 118, 112.692
1245, 517.795, 116.974, 111.564
1246, 502.974, 118.513, 110.718
1247, 484.231, 116.282, 105.231
1248, 469.077, 115.205, 104.641
1249, 455, 113.513, 103.59
1250, 438.949, 112.154, 104.692
1251, 422.718, 110.564, 106.077
1252, 399.564, 107.513, 104.308
1253, 383.667, 106.667, 104.667
1254, 372.718, 108.103, 106.795
1255, 358.026, 106.487, 105.077
1256, 342.744, 106.487, 102.051
1257, 328.795, 105.949, 101.436
1258, 309.436, 103.795, 99.9744
1259, 291.615, 102.462, 100.513
1260, 279.846, 103.641, 103.769
1261, 267.923, 102.974, 103.615
1262, 251.949, 99.5385, 102
1263, 241.667, 98.3846, 101.231
1264, 229.026, 97.0256, 98.9744
1265, 218, 97.7949, 98.3077
1266, 203.59, 95.5641, 96.3077
1267, 190.077, 92.0256, 95.1026
1268, 179.385, 89.3846, 94.3333
1269, 177.564, 91.0513, 98.0769
1270, 172.231, 88.7179, 94.7949
1271, 166.795, 88.5641, 90.3846
1272, 161.154, 87.0256, 87.4103
1273, 156.667, 88.3333, 88.6923
1274, 156.641, 88.9744, 93.8974
1275, 152.692, 89, 94.6154
1276, 143.769, 85.1026, 89
1277, 142.308, 86.2308, 85.5897
1278, 144.846, 88.8718, 85.2308
1279, 145.487, 91.3333, 87.7692
1280, 142.487, 90.0256, 89.5128
1281, 140.077, 89.0769, 92.1026
1282, 138.282, 84.8974, 90.4103
1283, 135.564, 80.7692, 88.9487
1284, 137.051, 81.9231, 91.2821
1285, 141.692, 86.8974, 95.4615
1286, 136.667, 86.5641, 93.1795
1287, 135.846, 88.4359, 92.8718
1288, 139.795, 91.6154, 97.0769
1289, 137.667, 88.9744, 93.6923
1290, 134.462, 86.359, 89.7179
1291, 133.641, 87.9487, 90.5641
1292, 131.897, 87.4103, 92.359
1293, 129.718, 87.8718, 94.5897
1294, 126.718, 87.7436, 93.7179
1295, 122.128, 85.5897, 91.4359
1296, 121.718, 83.7949, 90.1538
1297, 123.385, 85.4359, 92.3846
1298, 120.231, 84.3846, 92.7692
1299, 121.795, 87.0769, 93.5128
1300, 121.821, 87.4103, 91.7692
1301, 121.051, 82.6667, 85.9487
1302, 123.333, 83.2308, 85.5897
1303, 127.103, 84.8205, 86.3846
1304, 126.308, 84.9744, 88.359
1305, 125.872, 84.3077, 89.6154
1306, 126.846, 85.4103, 90
1307, 125.026, 85.2821, 89.2821
1308, 121.718, 84.1282, 86.4615
1309, 124.385, 87.4872, 89.5897
1310, 125.154, 87, 92.2821
1311, 123.205, 83.9744, 89.0256
1312, 121.385, 81.2308, 88.1538
1313, 124.667, 83.5128, 89.3077
1314, 124.051, 83.3077, 90.4103
1315, 122.128, 84.3333, 92.2564
1316, 119.103, 84.4359, 91.9231
1317, 113.615, 80.9744, 86.4359
1318, 119.359, 85.0256, 90
1319, 118.718, 82.8718, 89.9231
1320, 115.846, 82.0256, 89.4103
1321, 118.564, 86.2051, 91.6923
1322, 116.641, 86.0513, 92.7692
1323, 116.564, 85.8205, 94.3846
1324, 114.333, 84.7179, 95.0769
1325, 116.974, 84.5897, 92.4872
1326, 119.897, 86.6923, 92.9487
1327, 122.282, 87.3846, 93.3846
1328, 121.077, 85.4872, 92.3846
1329, 122.077, 86.9744, 94.1026
1330, 122.538, 89.4872, 93.5385
1331, 120.103, 86.9487, 88.5128
1332, 116.923, 83, 86.6923
1333, 123, 85.6154, 89.0256
1334, 125.462, 88.0256, 90.8462
1335, 127.641, 89.0256, 92
1336, 124.282, 87.2821, 90.6923
1337, 121.667, 88.5128, 90.8462
