px;A;R;G;B
0;-580,8;0,000978285;0,00073508;0,000947706
1;-572;0,00102161;0,00078858;0,00104823
2;-563,2;0,00105747;0,000794131;0,00112215
3;-554,4;0,00102772;0,00075608;0,00106842
4;-545,6;0,00091537;0,00070476;0,000971926
5;-536,8;0,000813352;0,000657602;0,000907574
6;-528;0,000864602;0,000695255;0,000921122
7;-519,2;0,000946663;0,000730232;0,000951726
8;-510,4;0,000930148;0,000705912;0,000972147
9;-501,6;0,000908533;0,000673104;0,00100256
10;-492,8;0,00095322;0,000674965;0,00100358
11;-484;0,00100362;0,000736177;0,00100062
12;-475,2;0,00100958;0,000782178;0,00104456
13;-466,4;0,000987158;0,000767534;0,00108838
14;-457,6;0,000948903;0,000701678;0,00102311
15;-448,8;0,00094141;0,000662364;0,000924259
16;-440;0,00100923;0,000717588;0,000940797
17;-431,2;0,00110246;0,000812861;0,00105757
18;-422,4;0,00113024;0,000849213;0,00119701
19;-413,6;0,00108383;0,000861849;0,00127466
20;-404,8;0,00106864;0,000864011;0,00129877
21;-396;0,0010602;0,000830025;0,001219
22;-387,2;0,00105957;0,000823068;0,00114862
23;-378,4;0,00104672;0,000823747;0,00113308
24;-369,6;0,00105833;0,000788484;0,00115682
25;-360,8;0,00104158;0,000666509;0,00111026
26;-352;0,00101971;0,000689387;0,00103427
27;-343,2;0,00109045;0,000836547;0,0010838
28;-334,4;0,00114481;0,000851941;0,00113136
29;-325,6;0,00116062;0,000854747;0,00112787
30;-316,8;0,00114538;0,000856105;0,00111121
31;-308;0,00114304;0,000857179;0,001155
32;-299,2;0,00118539;0,000917765;0,00126452
33;-290,4;0,00119448;0,00094609;0,00128135
34;-281,6;0,00124985;0,000968528;0,00119652
35;-272,8;0,00132464;0,000986823;0,00111123
36;-264;0,00135977;0,00105609;0,00118201
37;-255,2;0,00133886;0,00108903;0,00127944
38;-246,4;0,00132456;0,00104101;0,00128422
39;-237,6;0,00142361;0,00109233;0,00133385
40;-228,8;0,00147573;0,00119714;0,00142909
41;-220;0,00144797;0,00125056;0,00153694
42;-211,2;0,00144324;0,00130668;0,0016238
43;-202,4;0,00156226;0,00134409;0,00164754
44;-193,6;0,00181293;0,00135674;0,00167234
45;-184,8;0,00216582;0,00153654;0,00186154
46;-176;0,00260162;0,00184499;0,00215507
47;-167,2;0,00294358;0,00212773;0,00224548
48;-158,4;0,00328592;0,00258438;0,00229625
49;-149,6;0,00392885;0,00328407;0,00259844
50;-140,8;0,00477722;0,00393347;0,00296053
51;-132;0,0056546;0,00451174;0,00337149
52;-123,2;0,00715081;0,00571232;0,00440186
53;-114,4;0,00955511;0,00766659;0,00604202
54;-105,6;0,0134599;0,010904;0,00857606
55;-96,8;0,0195118;0,0162074;0,012558
56;-88;0,028169;0,023921;0,0183712
57;-79,2;0,0417093;0,0364278;0,0283674
58;-70,4;0,0657145;0,0594467;0,0477505
59;-61,6;0,109251;0,102001;0,083373
60;-52,8;0,194192;0,187195;0,150348
61;-44;0,337282;0,336826;0,270445
62;-35,2;0,515167;0,52302;0,422619
63;-26,4;0,686764;0,70097;0,567373
64;-17,6;0,814236;0,83472;0,680486
65;-8,8;0,88475;0,908641;0,747597
66;0;0,913277;0,93665;0,774457
67;8,8;0,913203;0,93129;0,769539
68;17,6;0,883797;0,889263;0,728958
69;26,4;0,807282;0,788933;0,640199
70;35,2;0,667145;0,622334;0,501555
71;44;0,478364;0,420113;0,335853
72;52,8;0,292495;0,238479;0,191953
73;61,6;0,160871;0,124196;0,101994
74;70,4;0,0895552;0,0689706;0,0561884
75;79,2;0,0532522;0,0402342;0,0328928
76;88;0,0340448;0,0250937;0,0202793
77;96,8;0,023169;0,0168692;0,0132134
78;105,6;0,0162404;0,0117664;0,00883343
79;114,4;0,0114563;0,00834666;0,00609993
80;123,2;0,00821279;0,00609583;0,00466289
81;132;0,00628435;0,00481046;0,00405797
82;140,8;0,00491118;0,00388935;0,0034728
83;149,6;0,00382456;0,00306657;0,00290836
84;158,4;0,00310842;0,00249875;0,00250501
85;167,2;0,00263611;0,00216869;0,00209326
86;176;0,00235028;0,00198935;0,00181499
87;184,8;0,00221204;0,00185243;0,00173938
88;193,6;0,00203184;0,00161715;0,00172395
89;202,4;0,00185152;0,0014493;0,00172236
90;211,2;0,00178067;0,00144742;0,00173479
91;220;0,00160016;0,00131971;0,00162106
92;228,8;0,00143347;0,00116051;0,00144809
93;237,6;0,00141711;0,00111232;0,00141838
94;246,4;0,00142545;0,00107415;0,00146826
95;255,2;0,00139475;0,00107036;0,00150673
96;264;0,00133492;0,00103261;0,00143438
97;272,8;0,00131965;0,00101645;0,00129447
98;281,6;0,00127366;0,000972317;0,00120119
99;290,4;0,0012057;0,000894645;0,0011423
100;299,2;0,00114948;0,000901684;0,0010947
101;308;0,00106603;0,000901218;0,00108796
102;316,8;0,00110186;0,000952763;0,00113192
103;325,6;0,00119758;0,00102024;0,00116215
104;334,4;0,00116165;0,000981912;0,00117576
105;343,2;0,00114633;0,000931707;0,00120787
106;352;0,00120503;0,00091061;0,00120825
107;360,8;0,00118756;0,000844467;0,00115035
108;369,6;0,00107364;0,000813785;0,00110502
109;378,4;0,000968692;0,000808167;0,00108085
110;387,2;0,00098914;0,000766928;0,00104424
111;396;0,0010157;0,000757093;0,000986842
112;404,8;0,000992401;0,000776716;0,000950449
113;413,6;0,000993102;0,000788573;0,000966516
114;422,4;0,00105051;0,000821925;0,000997905
115;431,2;0,00105793;0,00079426;0,000970099
116;440;0,000992194;0,000732127;0,000931609
117;448,8;0,00100142;0,000741478;0,000959564
118;457,6;0,00105394;0,000779754;0,0010275
119;466,4;0,00105617;0,000793672;0,00109212
120;475,2;0,0010233;0,000748327;0,00109486
121;484;0,00101825;0,000750352;0,00105308
122;492,8;0,00100782;0,000792297;0,00101946
123;501,6;0,00102656;0,000789161;0,00103723
124;510,4;0,00115549;0,000791779;0,00106556
125;519,2;0,00124484;0,000802047;0,00110197
126;528;0,00117158;0,000728211;0,00106262
127;536,8;0,00106926;0,000702219;0,000979048
128;545,6;0,00105874;0,000789591;0,0009959
129;554,4;0,00107536;0,000855371;0,0010358
130;563,2;0,00105592;0,000826333;0,00104115
131;572;0,00104679;0,000719943;0,00102741
132;580,8;0,00110414;0,000723994;0,0010354
133;589,6;0,00119242;0,000789839;0,00106848
134;598,4;0,00120816;0,000773464;0,00110259
135;607,2;0,00117378;0,000808344;0,00123562
136;616;0,00119606;0,000947328;0,00144304
137;624,8;0,0011776;0,000952071;0,00145286
138;633,6;0,00110201;0,000802773;0,00124795
139;642,4;0,00106548;0,000731855;0,00105612
140;651,2;0,000942406;0,000684371;0,000991089
141;660;0,000877531;0,000670174;0,000970112
142;668,8;0,000916112;0,00070672;0,000965071
143;677,6;0,00102578;0,000785363;0,000994884
144;686,4;0,0010647;0,000774193;0,00101171
145;695,2;0,001059;0,000754885;0,00102992
146;704;0,00109325;0,000825295;0,00109138
147;712,8;0,00111949;0,000853637;0,00111597
148;721,6;0,00107107;0,000800071;0,00108951
149;730,4;0,00101561;0,000778991;0,00105634
150;739,2;0,000995792;0,000730215;0,000979188
151;748;0,00101927;0,000695161;0,000942627
152;756,8;0,00100405;0,000728532;0,000968409
153;765,6;0,000938516;0,0007492;0,000997004
154;774,4;0,000915005;0,000716508;0,00103104
155;783,2;0,000950651;0,000732106;0,00116818
156;792;0,00105063;0,000865045;0,00138824
157;800,8;0,00105738;0,000838223;0,00141402
158;809,6;0,0010075;0,000711403;0,00129632
159;818,4;0,000985077;0,000676146;0,00115144
160;827,2;0,000965976;0,000691627;0,00101376
161;836;0,00100237;0,000700115;0,000940359
162;844,8;0,0010324;0,000663547;0,000937438
163;853,6;0,000983562;0,000715553;0,000997972
164;862,4;0,000963557;0,00083466;0,00106409
165;871,2;0,00097013;0,000820402;0,00107197
166;880;0,000898326;0,000744148;0,000973065
167;888,8;0,000812538;0,000695284;0,00084084
168;897,6;0,000823547;0,000664454;0,000834405
169;906,4;0,000920226;0,000713794;0,000952547
170;915,2;0,000967086;0,000742491;0,00105111
171;924;0,000954174;0,0007584;0,00109749
172;932,8;0,00102097;0,00088965;0,00119678
173;941,6;0,00107568;0,000956815;0,00118518
174;950,4;0,00103056;0,000893105;0,00101644
175;959,2;0,000973798;0,000779715;0,000913244
176;968;0,000970987;0,000720383;0,000929146
177;976,8;0,000988344;0,000687215;0,000976838
178;985,6;0,000991367;0,000693627;0,00100621
179;994,4;0,000972124;0,00069722;0,00102683
180;1003,2;0,000891261;0,000675758;0,000993517
181;1012;0,000875271;0,00071784;0,000974388
182;1020,8;0,000937223;0,00069413;0,000995077
183;1029,6;0,000950806;0,000679706;0,00101606
184;1038,4;0,000928868;0,000720496;0,00101178
185;1047,2;0,000950252;0,000739877;0,000986699
186;1056;0,000961981;0,000775809;0,000975084
187;1064,8;0,000943289;0,000714622;0,000979552
188;1073,6;0,000963063;0,000652356;0,00099914
189;1082,4;0,000941996;0,000651708;0,000985151
190;1091,2;0,000880527;0,000643684;0,00095603
191;1100;0,0008809;0,000665508;0,00097583
192;1108,8;0,000994422;0,000726543;0,00101702
193;1117,6;0,00114469;0,000782962;0,00103722
194;1126,4;0,00119016;0,000777534;0,00103234
195;1135,2;0,00109911;0,000732649;0,00101661
196;1144;0,00101891;0,000757125;0,00105503
197;1152,8;0,000969751;0,00072956;0,00104805
198;1161,6;0,00095326;0,000658078;0,000998011
199;1170,4;0,000974651;0,000687593;0,00103531
200;1179,2;0,000954549;0,00073294;0,00105133
201;1188;0,000941822;0,000750569;0,00101282
202;1196,8;0,000940531;0,00075187;0,00100717
203;1205,6;0,000930769;0,000751101;0,00103988
204;1214,4;0,000946808;0,000743677;0,00103603
205;1223,2;0,000968211;0,000736464;0,00100092
206;1232;0,000948215;0,000734559;0,000962629
207;1240,8;0,000946723;0,000708422;0,000930831
208;1249,6;0,00101538;0,000733938;0,000900257
209;1258,4;0,00099753;0,00074891;0,000867491
210;1267,2;0,000883315;0,00067121;0,000885956
211;1276;0,000848184;0,000653561;0,000962901
212;1284,8;0,000855608;0,00065614;0,000991321
213;1293,6;0,000907084;0,000661152;0,000958199
214;1302,4;0,000978645;0,000674923;0,000911537
215;1311,2;0,000997068;0,000701968;0,000924406
216;1320;0,000955062;0,000747803;0,000945305
217;1328,8;0,000895385;0,000749733;0,000955182
218;1337,6;0,000902656;0,00071728;0,000984982
219;1346,4;0,000947895;0,000712054;0,00102643
220;1355,2;0,000994616;0,000704508;0,00102844
221;1364;0,000966722;0,00063057;0,000973096
222;1372,8;0,000962658;0,00062127;0,000974959
223;1381,6;0,00100819;0,00066442;0,000967975
224;1390,4;0,000968348;0,000683855;0,000927908
225;1399,2;0,000893918;0,000701254;0,000950139
226;1408;0,000910039;0,000719577;0,00101414
227;1416,8;0,000963012;0,000761186;0,00102402
228;1425,6;0,00103272;0,000778323;0,00103559
229;1434,4;0,00112537;0,000790564;0,00106729
230;1443,2;0,00108356;0,000773686;0,00101882
231;1452;0,00102053;0,000792994;0,000978631
232;1460,8;0,00102939;0,000804049;0,000957414
233;1469,6;0,00105749;0,000865375;0,000938857
234;1478,4;0,00104988;0,000872636;0,000999038
235;1487,2;0,00102937;0,000805028;0,00104835
236;1496;0,00104902;0,000773031;0,0011668
237;1504,8;0,00108215;0,000771183;0,00137247
238;1513,6;0,0010428;0,000767735;0,00144359
239;1522,4;0,000985091;0,000791334;0,00133102
240;1531,2;0,000986149;0,00083489;0,00118261
241;1540;0,00103485;0,000887657;0,00100412
242;1548,8;0,00105143;0,000854628;0,000925713
243;1557,6;0,00102892;0,000798767;0,000925211
244;1566,4;0,00104747;0,000771673;0,000945231
245;1575,2;0,00102586;0,000719331;0,000996352
246;1584;0,000963129;0,000712566;0,00107177
247;1592,8;0,000992118;0,000734496;0,00108116
248;1601,6;0,000967546;0,000712217;0,00099269
249;1610,4;0,000916502;0,000756696;0,000950565
250;1619,2;0,000976884;0,000839441;0,0010066
251;1628;0,00106811;0,000850453;0,00102606
252;1636,8;0,00101391;0,000740455;0,000982888
253;1645,6;0,000944621;0,000727662;0,000968946
254;1654,4;0,000916234;0,000767093;0,000993944
255;1663,2;0,000909667;0,000750004;0,00102001
256;1672;0,000904172;0,000689899;0,00101548
257;1680,8;0,000928131;0,000676304;0,00099639
258;1689,6;0,00101513;0,00077709;0,000976104
259;1698,4;0,0010019;0,000732262;0,000938366
260;1707,2;0,000975923;0,000673579;0,000934803
261;1716;0,000979179;0,000747809;0,000983211
262;1724,8;0,00101368;0,000850827;0,00104913
263;1733,6;0,0010647;0,000895873;0,00107441
264;1742,4;0,00111049;0,000909866;0,0010828
265;1751,2;0,00103418;0,000826754;0,0010771
266;1760;0,000983992;0,000764175;0,0010923
267;1768,8;0,00104053;0,000805943;0,00108834
268;1777,6;0,00104047;0,000791908;0,00100284
269;1786,4;0,00100983;0,000776439;0,000934281
270;1795,2;0,000989906;0,000723826;0,000915971
271;1804;0,000968995;0,000728227;0,000958297
272;1812,8;0,000968172;0,000811432;0,00103427
273;1821,6;0,000862954;0,000762256;0,00100382
274;1830,4;0,000847393;0,000729088;0,000933976
275;1839,2;0,000960707;0,000764438;0,000978305
276;1848;0,000982705;0,000730832;0,00100405
277;1856,8;0,000963701;0,000667351;0,000985228
278;1865,6;0,000937406;0,000663981;0,000963583
279;1874,4;0,000976486;0,000746042;0,00100833
280;1883,2;0,000995617;0,000766817;0,00102744
281;1892;0,000988165;0,0007155;0,00100031
282;1900,8;0,000973804;0,000719048;0,000956275
283;1909,6;0,000973773;0,000774658;0,000973736
284;1918,4;0,00098291;0,000771834;0,000994382
285;1927,2;0,000959832;0,000690132;0,00100292
286;1936;0,000935547;0,000716743;0,00100665
287;1944,8;0,000966861;0,000764177;0,00101723
288;1953,6;0,000995582;0,000722331;0,00103698
289;1962,4;0,000959421;0,000712704;0,00104135
290;1971,2;0,000933624;0,000750844;0,00101955
291;1980;0,000920545;0,000765099;0,00101928
292;1988,8;0,000927354;0,000739779;0,00101415
293;1997,6;0,000972376;0,000748242;0,00105048
294;2006,4;0,00100174;0,00075953;0,00108827
295;2015,2;0,0010072;0,000717735;0,0010626
296;2024;0,000972152;0,000654352;0,00104487
297;2032,8;0,000931184;0,000675099;0,0010334
298;2041,6;0,000938165;0,000698692;0,000983105
299;2050,4;0,00093406;0,000703928;0,000997453
300;2059,2;0,000998281;0,000727926;0,00106057
301;2068;0,000988181;0,00076684;0,00104491
302;2076,8;0,000938277;0,000788318;0,000952577
303;2085,6;0,000949515;0,00082492;0,000939811
304;2094,4;0,00100371;0,000788062;0,00100407
305;2103,2;0,00100058;0,000736035;0,00104473
306;2112;0,0010052;0,000719344;0,00106029
307;2120,8;0,00101395;0,000734248;0,00106169
308;2129,6;0,00102804;0,000743087;0,00102846
309;2138,4;0,00100116;0,000746495;0,00100442
310;2147,2;0,000992446;0,000747468;0,000986096
311;2156;0,00104509;0,000729625;0,0010341
312;2164,8;0,00113407;0,000723572;0,00115987
313;2173,6;0,00109818;0,000701227;0,00118638
314;2182,4;0,00102109;0,000683382;0,00111039
315;2191,2;0,000970242;0,000705032;0,00103495
316;2200;0,000916816;0,000768091;0,0010467
317;2208,8;0,000971548;0,000886323;0,0011265
318;2217,6;0,00107712;0,000915203;0,00117537
319;2226,4;0,00106779;0,000801529;0,00114605
320;2235,2;0,00104732;0,000755234;0,00107847
321;2244;0,00102269;0,000817647;0,0010445
322;2252,8;0,000969265;0,000858454;0,00104177
323;2261,6;0,00101626;0,00085904;0,0011183
324;2270,4;0,00111403;0,000832704;0,00117189
325;2279,2;0,00107244;0,000769495;0,00113313
326;2288;0,00104455;0,000873589;0,00109601
327;2296,8;0,00100861;0,000833742;0,00105876
328;2305,6;0,000909055;0,000678892;0,000908049
329;2314,4;0,000967811;0,00071727;0,000884708
330;2323,2;0,00106218;0,000849506;0,000951128
331;2332;0,00108317;0,000890253;0,000989287
332;2340,8;0,00102571;0,000803889;0,00095915
333;2349,6;0,000976563;0,000699318;0,000936749
334;2358,4;0,000950819;0,000739503;0,000996857
335;2367,2;0,000960192;0,000787283;0,00106212
336;2376;0,00100395;0,000822985;0,00103626
337;2384,8;0,00099101;0,000833885;0,0009722
338;2393,6;0,000981409;0,000812311;0,000963701
339;2402,4;0,000981632;0,000772227;0,000980354
340;2411,2;0,00101209;0,00074135;0,0010468
341;2420;0,00105025;0,000796374;0,0011401
342;2428,8;0,00102089;0,000813968;0,00114379
343;2437,6;0,00100923;0,000772094;0,00108147
344;2446,4;0,001026;0,000792055;0,00104052
345;2455,2;0,00103474;0,000837017;0,00107394
346;2464;0,00108557;0,000845239;0,00109848
347;2472,8;0,00113837;0,000798076;0,0010742
348;2481,6;0,0011388;0,000780356;0,00108997
349;2490,4;0,00111473;0,000837357;0,00112967
350;2499,2;0,00106238;0,000893592;0,00115421
351;2508;0,000999661;0,00092142;0,00114457
352;2516,8;0,000970921;0,000850005;0,00108677
353;2525,6;0,000961169;0,000770476;0,000996088
354;2534,4;0,00106128;0,000774262;0,00100682
355;2543,2;0,00108196;0,000783552;0,00106121
356;2552;0,00100796;0,000769388;0,00107879
357;2560,8;0,000956766;0,000719409;0,00109927
358;2569,6;0,000951422;0,000675821;0,00112245
359;2578,4;0,00103802;0,00074669;0,00115419
360;2587,2;0,00108479;0,000770404;0,00113451
361;2596;0,00103753;0,000763475;0,00105023
362;2604,8;0,00102329;0,000778584;0,00106386
363;2613,6;0,000999356;0,000760208;0,00108241
364;2622,4;0,001021;0,000747715;0,00106878
365;2631,2;0,00110596;0,000785256;0,00107255
366;2640;0,00110048;0,000819178;0,00109892
367;2648,8;0,000997176;0,000782568;0,00110698
368;2657,6;0,000930374;0,000765812;0,00108946
369;2666,4;0,000944859;0,000752527;0,00108463
370;2675,2;0,00102166;0,000765399;0,00112967
371;2684;0,00101988;0,000751638;0,00115781
372;2692,8;0,00103439;0,00080178;0,00116793
373;2701,6;0,00102659;0,000826365;0,00116996
374;2710,4;0,000951605;0,000796212;0,00110958
375;2719,2;0,000963685;0,000760333;0,00102896
376;2728;0,000991571;0,000779441;0,000982338
377;2736,8;0,000966216;0,000803887;0,000964534
378;2745,6;0,000960614;0,000824329;0,00101594
379;2754,4;0,000979302;0,000816106;0,00106617
380;2763,2;0,00105025;0,000827523;0,00111777
381;2772;0,00109596;0,000776498;0,00109964
382;2780,8;0,00105418;0,000698987;0,00101749
383;2789,6;0,00100471;0,000763552;0,000984048
384;2798,4;0,000998073;0,000794727;0,000958076
385;2807,2;0,00100258;0,000748203;0,000948803
386;2816;0,000965063;0,000725137;0,000932678
387;2824,8;0,00103649;0,000814641;0,001024
388;2833,6;0,00109055;0,000854906;0,00110428
389;2842,4;0,00105486;0,000806611;0,00109928
390;2851,2;0,00106721;0,000785323;0,0010935
391;2860;0,0010727;0,000799512;0,00112547
392;2868,8;0,00102648;0,000734405;0,00110918
393;2877,6;0,00101919;0,00068464;0,0010397
394;2886,4;0,00107765;0,000739444;0,00104564
395;2895,2;0,00108982;0,000789838;0,00109311
396;2904;0,00103147;0,000772953;0,00106479
397;2912,8;0,000964373;0,00077241;0,00101932
398;2921,6;0,000935368;0,000682387;0,000994119
399;2930,4;0,000965661;0,000709141;0,00101911
400;2939,2;0,00101219;0,000752067;0,00103721
401;2948;0,00103248;0,000787345;0,00105249
402;2956,8;0,00102314;0,000826564;0,00105789
403;2965,6;0,000987051;0,000799639;0,00102991
404;2974,4;0,000959566;0,000749784;0,000969105
405;2983,2;0,000936616;0,000717865;0,000896967
406;2992;0,000911822;0,00071299;0,000854592
407;3000,8;0,00096351;0,000791322;0,000926059
408;3009,6;0,00100145;0,0008034;0,00103119
409;3018,4;0,00104088;0,00080727;0,0011109
410;3027,2;0,00106053;0,000862684;0,00106808
411;3036;0,00106505;0,000850809;0,00102652
412;3044,8;0,00104777;0,000752954;0,00101556
413;3053,6;0,00104087;0,000704231;0,0010367
414;3062,4;0,000989389;0,00067287;0,00106934
415;3071,2;0,000958265;0,000743531;0,00106638
416;3080;0,00103632;0,000841471;0,00105458
417;3088,8;0,00111952;0,000898973;0,0010579
418;3097,6;0,00104632;0,000842256;0,00101937
419;3106,4;0,000902819;0,000780232;0,00100155
420;3115,2;0,000935709;0,000782415;0,000991129
421;3124;0,00100229;0,00079127;0,000989625
422;3132,8;0,0010582;0,00079436;0,00101834
423;3141,6;0,00103912;0,000803058;0,00109038
424;3150,4;0,000980811;0,000788723;0,00115061
425;3159,2;0,00101787;0,000859663;0,00123413
426;3168;0,00102454;0,000832094;0,00123883
427;3176,8;0,00101862;0,000794927;0,00124693
428;3185,6;0,00103278;0,000848036;0,00128887
429;3194,4;0,0010166;0,000862643;0,00126977
430;3203,2;0,000950463;0,000800161;0,00114551
431;3212;0,00100294;0,00074296;0,00105592
432;3220,8;0,00112088;0,000785625;0,00109005
433;3229,6;0,00108114;0,000776185;0,0011473
434;3238,4;0,000988765;0,000730861;0,00111641
435;3247,2;0,000938933;0,000789797;0,0010656
436;3256;0,000947669;0,000813274;0,00100666
437;3264,8;0,0010224;0,000789138;0,0010357
438;3273,6;0,00106038;0,000783895;0,00114692
439;3282,4;0,00107557;0,000855096;0,00124986
440;3291,2;0,00109954;0,000882722;0,00125327
441;3300;0,00104631;0,000867596;0,00116598
442;3308,8;0,000994602;0,000790218;0,00109964
443;3317,6;0,00104411;0,000805385;0,00113047
444;3326,4;0,00107663;0,000830424;0,0011355
445;3335,2;0,00104934;0,000843332;0,00107804
446;3344;0,000992844;0,000779747;0,00101868
447;3352,8;0,00100242;0,00083457;0,00102699
448;3361,6;0,000995452;0,000808956;0,00103181
449;3370,4;0,000994003;0,000772155;0,00103352
450;3379,2;0,00103904;0,000766263;0,00107714
451;3388;0,00105053;0,000781386;0,00108891
452;3396,8;0,00103072;0,000772921;0,00104774
453;3405,6;0,00101085;0,000731871;0,00100912
454;3414,4;0,000982664;0,000731132;0,00104235
455;3423,2;0,00103001;0,00082952;0,00112099
456;3432;0,00107329;0,000885484;0,00115697
457;3440,8;0,00104724;0,000816238;0,00107009
458;3449,6;0,00103308;0,000796221;0,00102815
459;3458,4;0,000967426;0,000788349;0,000997297
460;3467,2;0,000975281;0,000773287;0,000990499
461;3476;0,00104227;0,000747132;0,00102986
462;3484,8;0,00106358;0,000767569;0,00110211
463;3493,6;0,00109864;0,000873974;0,00113441
464;3502,4;0,00109503;0,000871009;0,00112945
465;3511,2;0,00106829;0,000786179;0,0011131
466;3520;0,00110643;0,000801777;0,00110248
467;3528,8;0,0011272;0,000846853;0,0011179
468;3537,6;0,0011334;0,000869956;0,00111631
469;3546,4;0,00114588;0,000901029;0,00119059
470;3555,2;0,00115903;0,000931864;0,00126407
471;3564;0,00112368;0,000883677;0,00114302
472;3572,8;0,00108461;0,000793455;0,00100956
473;3581,6;0,00109089;0,000774614;0,000999659
474;3590,4;0,00115265;0,000868183;0,00103873
475;3599,2;0,00118463;0,000900137;0,00105427
476;3608;0,0011874;0,000945454;0,00105686
477;3616,8;0,00120632;0,00102661;0,00110773
478;3625,6;0,00125294;0,00107529;0,0011586
479;3634,4;0,00128511;0,0010669;0,00122272
480;3643,2;0,00127732;0,000958643;0,00119656
481;3652;0,00127977;0,000951363;0,00117338
482;3660,8;0,00125254;0,000999815;0,00116488
483;3669,6;0,00119672;0,00102949;0,00117257
484;3678,4;0,00123387;0,00114087;0,00122116
485;3687,2;0,00131449;0,00122231;0,00130906
486;3696;0,0014564;0,00122041;0,00138974
487;3704,8;0,00154981;0,00120353;0,00135731
488;3713,6;0,00160066;0,00120617;0,00131864
489;3722,4;0,00162629;0,0012184;0,0012926
490;3731,2;0,00170941;0,00123855;0,00123414
491;3740;0,00182413;0,00129799;0,0012581
492;3748,8;0,0019163;0,00140241;0,00131871
493;3757,6;0,00195015;0,00155303;0,00138398
494;3766,4;0,00198788;0,00165356;0,00139437
495;3775,2;0,00206182;0,00172957;0,00145578
496;3784;0,00226594;0,00180569;0,00160611
497;3792,8;0,00237995;0,00182783;0,00171283
498;3801,6;0,00255895;0,00195366;0,00182344
499;3810,4;0,0028136;0,00219923;0,00195932
500;3819,2;0,00300983;0,00245135;0,00204252
501;3828;0,00321778;0,00273551;0,00223039
502;3836,8;0,00341814;0,00291203;0,00247783
503;3845,6;0,00377161;0,00316648;0,00298062
504;3854,4;0,00402923;0,00341637;0,00361584
505;3863,2;0,00433207;0,00359202;0,00430321
506;3872;0,00501806;0,00409535;0,00536039
507;3880,8;0,00589281;0,00479369;0,00657196
508;3889,6;0,00669611;0,00533189;0,00772962
509;3898,4;0,00757787;0,00589853;0,00918404
510;3907,2;0,00840886;0,00662937;0,0112361
511;3916;0,00917956;0,00734235;0,0137374
512;3924,8;0,0108312;0,00904693;0,0175372
513;3933,6;0,0119443;0,0100574;0,0211728
514;3942,4;0,0131019;0,0109548;0,0252063
515;3951,2;0,0141553;0,0117126;0,0294792
516;3960;0,0152687;0,0124716;0,0341956
517;3968,8;0,0167404;0,0136027;0,0397356
518;3977,6;0,0185707;0,0154374;0,0466881
519;3986,4;0,0203615;0,0172927;0,0543308
520;3995,2;0,0214509;0,0184822;0,0610287
521;4004;0,0214982;0,0186221;0,0662703
522;4012,8;0,021436;0,0187438;0,0714638
523;4021,6;0,0220129;0,0194317;0,0782928
524;4030,4;0,0231133;0,0207629;0,087786
525;4039,2;0,025117;0,0230309;0,100279
526;4048;0,0268813;0,0250813;0,113326
527;4056,8;0,0278287;0,026228;0,124714
528;4065,6;0,0278594;0,0263493;0,133641
529;4074,4;0,0274971;0,0260546;0,139989
530;4083,2;0,0266494;0,0253278;0,143861
531;4092;0,0259512;0,0246902;0,146884
532;4100,8;0,0248928;0,0240599;0,151852
533;4109,6;0,0251285;0,0246464;0,162267
534;4118,4;0,0265052;0,0263077;0,179103
535;4127,2;0,0292787;0,0293589;0,202598
536;4136;0,0321061;0,0323887;0,229453
537;4144,8;0,0340624;0,0341417;0,25548
538;4153,6;0,0349648;0,0348338;0,277337
539;4162,4;0,0349243;0,0342067;0,293496
540;4171,2;0,0351656;0,0342382;0,306311
541;4180;0,0350332;0,0339456;0,315582
542;4188,8;0,0345128;0,0336678;0,321487
543;4197,6;0,0331994;0,0328461;0,322833
544;4206,4;0,0318651;0,032007;0,319502
545;4215,2;0,0292104;0,0300134;0,311561
546;4224;0,0270326;0,0280951;0,301866
547;4232,8;0,0246823;0,0258045;0,291619
548;4241,6;0,0230833;0,0242738;0,289339
549;4250,4;0,022829;0,0242391;0,297104
550;4259,2;0,0246222;0,0264859;0,316761
551;4268;0,0269994;0,0295204;0,3455
552;4276,8;0,0296225;0,0329656;0,380151
553;4285,6;0,0302046;0,0339918;0,410697
554;4294,4;0,03092;0,0354723;0,436705
555;4303,2;0,0297502;0,0347413;0,452853
556;4312;0,0297807;0,0345605;0,467154
557;4320,8;0,0295425;0,0342462;0,478984
558;4329,6;0,0294899;0,0342923;0,490692
559;4338,4;0,029149;0,0339631;0,500256
560;4347,2;0,029603;0,0343868;0,511662
561;4356;0,0282667;0,0328446;0,522306
562;4364,8;0,0284456;0,0329143;0,533783
563;4373,6;0,0275568;0,0319891;0,541993
564;4382,4;0,0274281;0,0316216;0,548996
565;4391,2;0,0264614;0,0304271;0,553263
566;4400;0,0255762;0,0294171;0,558556
567;4408,8;0,025049;0,0287143;0,564006
568;4417,6;0,0250471;0,0283845;0,568356
569;4426,4;0,0245426;0,0279745;0,569469
570;4435,2;0,0239078;0,027126;0,566704
571;4444;0,0233597;0,0266642;0,559733
572;4452,8;0,0225573;0,0262165;0,547313
573;4461,6;0,0218658;0,025971;0,529609
574;4470,4;0,0201675;0,0247348;0,508166
575;4479,2;0,0188769;0,024049;0,488143
576;4488;0,0171045;0,0228604;0,474996
577;4496,8;0,0166873;0,0232732;0,475175
578;4505,6;0,0169767;0,024776;0,491998
579;4514,4;0,019036;0,0287919;0,524458
580;4523,2;0,0201155;0,031768;0,560051
581;4532;0,0207239;0,0345447;0,591967
582;4540,8;0,0207566;0,0365217;0,616677
583;4549,6;0,0208204;0,0390319;0,635273
584;4558,4;0,0206452;0,040925;0,647891
585;4567,2;0,0205471;0,0428847;0,657288
586;4576;0,0200446;0,0436952;0,66381
587;4584,8;0,0197994;0,0451714;0,669952
588;4593,6;0,0196511;0,0459122;0,674653
589;4602,4;0,0193469;0,0464924;0,677975
590;4611,2;0,0187439;0,0463971;0,678934
591;4620;0,0186655;0,0467276;0,680717
592;4628,8;0,0182201;0,0464306;0,682664
593;4637,6;0,0178446;0,0462722;0,68484
594;4646,4;0,0172369;0,0453387;0,686096
595;4655,2;0,0171927;0,044779;0,68766
596;4664;0,0167177;0,0435934;0,688628
597;4672,8;0,0165746;0,0427188;0,689677
598;4681,6;0,0160369;0,0415557;0,68977
599;4690,4;0,015725;0,0410723;0,690296
600;4699,2;0,0154718;0,040711;0,691254
601;4708;0,0148733;0,0397244;0,691365
602;4716,8;0,0147942;0,0397923;0,692007
603;4725,6;0,0148615;0,039962;0,691992
604;4734,4;0,0146681;0,0407321;0,691211
605;4743,2;0,0140539;0,0435849;0,712087
606;4752;0,0139675;0,0459838;0,713851
607;4760,8;0,0139917;0,0486296;0,715664
608;4769,6;0,0139746;0,0515534;0,717581
609;4778,4;0,0142245;0,0547303;0,718534
610;4787,2;0,0143508;0,0588307;0,718716
611;4796;0,0144529;0,0633134;0,719084
612;4804,8;0,0147068;0,0686584;0,720134
613;4813,6;0,0151615;0,0753476;0,721624
614;4822,4;0,0153633;0,0832591;0,72306
615;4831,2;0,0158544;0,0925241;0,723165
616;4840;0,0163855;0,103245;0,722982
617;4848,8;0,0169564;0,115129;0,721862
618;4857,6;0,0169769;0,128168;0,720333
619;4866,4;0,0173988;0,142923;0,719
620;4875,2;0,0181782;0,159824;0,716962
621;4884;0,0190936;0,177724;0,71595
622;4892,8;0,0201147;0,196528;0,714243
623;4901,6;0,0209446;0,21559;0,711577
624;4910,4;0,022255;0,236568;0,709361
625;4919,2;0,0225204;0,2566;0,70704
626;4928;0,0230866;0,277551;0,704953
627;4936,8;0,0233722;0,297731;0,702722
628;4945,6;0,0230999;0,317924;0,698757
629;4954,4;0,0234948;0,337268;0,693807
630;4963,2;0,0240811;0,356408;0,688782
631;4972;0,0248176;0,373208;0,682257
632;4980,8;0,0255927;0,387427;0,672594
633;4989,6;0,0256708;0,397406;0,661068
634;4998,4;0,025676;0,402222;0,645816
635;5007,2;0,0255303;0,40196;0,625748
636;5016;0,0254419;0,397738;0,599561
637;5024,8;0,02365;0,389605;0,569745
638;5033,6;0,02164;0,383291;0,542268
639;5042,4;0,0201974;0,384287;0,523379
640;5051,2;0,0214273;0,397086;0,518288
641;5060;0,0239725;0,420758;0,525403
642;5068,8;0,0263521;0,450541;0,53958
643;5077,6;0,0272222;0,480726;0,553108
644;5086,4;0,0278567;0,50831;0,564172
645;5095,2;0,0262456;0,52869;0,57005
646;5104;0,0253359;0,542486;0,570363
647;5112,8;0,0245123;0,552769;0,568012
648;5121,6;0,0247357;0,561154;0,563449
649;5130,4;0,0240159;0,567651;0,557486
650;5139,2;0,0248747;0,573371;0,550188
651;5148;0,0241225;0,577149;0,540524
652;5156,8;0,0238226;0,57941;0,530028
653;5165,6;0,0237655;0,579921;0,518417
654;5174,4;0,0233429;0,581017;0,505804
655;5183,2;0,0229832;0,581308;0,492487
656;5192;0,0231552;0,581495;0,478974
657;5200,8;0,0236557;0,581707;0,466207
658;5209,6;0,0242876;0,583486;0,454267
659;5218,4;0,0243911;0,583792;0,441906
660;5227,2;0,0244641;0,584834;0,429249
661;5236;0,0243445;0,585976;0,417061
662;5244,8;0,0251002;0,588479;0,406147
663;5253,6;0,0245961;0,588057;0,393988
664;5262,4;0,0247839;0,589075;0,382917
665;5271,2;0,0253074;0,588751;0,371332
666;5280;0,0258675;0,589897;0,360506
667;5288,8;0,0261472;0,587804;0,348615
668;5297,6;0,0268712;0,587648;0,337707
669;5306,4;0,0269645;0,584472;0,32585
670;5315,2;0,027512;0,58272;0,315436
671;5324;0,0275468;0,578061;0,302929
672;5332,8;0,0281887;0,575389;0,289983
673;5341,6;0,0289883;0,571433;0,276541
674;5350,4;0,0303906;0,56957;0,265182
675;5359,2;0,0307805;0,564246;0,252801
676;5368;0,0313544;0,56164;0,242074
677;5376,8;0,0322511;0,559174;0,233198
678;5385,6;0,0338998;0,558233;0,224695
679;5394,4;0,0355134;0,557211;0,215949
680;5403,2;0,037055;0,556498;0,207235
681;5412;0,0378824;0,55454;0,199547
682;5420,8;0,0391905;0,553599;0,193078
683;5429,6;0,0403867;0,552047;0,187313
684;5438,4;0,0405378;0,548107;0,179416
685;5447,2;0,0405354;0,544228;0,172348
686;5456;0,0416267;0,54138;0,166708
687;5464,8;0,0431928;0,541101;0,162296
688;5473,6;0,0437048;0,538618;0,156913
689;5482,4;0,0432444;0,53506;0,15213
690;5491,2;0,0419232;0,529205;0,145789
691;5500;0,0415843;0,526238;0,141257
692;5508,8;0,0415829;0,523428;0,137172
693;5517,6;0,0410529;0,520615;0,133417
694;5526,4;0,0398842;0,515422;0,128922
695;5535,2;0,0383061;0,511425;0,125092
696;5544;0,036733;0,506455;0,121396
697;5552,8;0,0379669;0,520477;0,121315
698;5561,6;0,0369524;0,518622;0,118232
699;5570,4;0,0359202;0,516945;0,114684
700;5579,2;0,0340801;0,516252;0,11154
701;5588;0,0321869;0,513918;0,107919
702;5596,8;0,0310883;0,512474;0,105773
703;5605,6;0,02889;0,509817;0,102812
704;5614,4;0,027378;0,508296;0,100381
705;5623,2;0,0265621;0,506105;0,0976751
706;5632;0,0259196;0,505227;0,0951312
707;5640,8;0,0243665;0,502307;0,0918177
708;5649,6;0,0234742;0,501559;0,0889052
709;5658,4;0,022213;0,499401;0,0852272
710;5667,2;0,0219307;0,498405;0,0829661
711;5676;0,0206409;0,493578;0,0795714
712;5684,8;0,0203208;0,490055;0,0776798
713;5693,6;0,0203631;0,486551;0,0754762
714;5702,4;0,0203059;0,484682;0,0734446
715;5711,2;0,019704;0,480055;0,0707327
716;5720;0,0198455;0,476586;0,0688549
717;5728,8;0,0189731;0,471843;0,0655119
718;5737,6;0,0183423;0,468951;0,0623914
719;5746,4;0,0182016;0,465245;0,0598589
720;5755,2;0,018078;0,461683;0,0566815
721;5764;0,018196;0,457177;0,0538004
722;5772,8;0,0183947;0,45394;0,0517146
723;5781,6;0,0180376;0,449384;0,0492314
724;5790,4;0,0176727;0,44375;0,0470257
725;5799,2;0,0173047;0,438275;0,0450087
726;5808;0,0176318;0,434495;0,0435477
727;5816,8;0,0178469;0,431478;0,0418925
728;5825,6;0,0174309;0,426833;0,0396994
729;5834,4;0,0169263;0,422084;0,0375283
730;5843,2;0,0170415;0,417191;0,035561
731;5852;0,0175724;0,412608;0,0344961
732;5860,8;0,0175067;0,407979;0,0329662
733;5869,6;0,0182129;0,40518;0,0324985
734;5878,4;0,0185742;0,401453;0,0313092
735;5887,2;0,0189862;0,397255;0,0305902
736;5896;0,0190626;0,391328;0,0294411
737;5904,8;0,0199472;0,386755;0,0286566
738;5913,6;0,0211376;0,381834;0,0281175
739;5922,4;0,0227608;0,377823;0,0279252
740;5931,2;0,0244289;0,371833;0,0271266
741;5940;0,0273422;0,366461;0,0266472
742;5948,8;0,0313807;0,361072;0,0261452
743;5957,6;0,0373945;0,356823;0,0260927
744;5966,4;0,045018;0,352455;0,0260551
745;5975,2;0,0549106;0,347861;0,0265264
746;5984;0,066716;0,342703;0,0265596
747;5992,8;0,0803306;0,338087;0,0263461
748;6001,6;0,0966733;0,334336;0,0262986
749;6010,4;0,11558;0,331476;0,026445
750;6019,2;0,135993;0,329038;0,0266071
751;6028;0,156863;0,326496;0,0263754
752;6036,8;0,178161;0,323415;0,0261603
753;6045,6;0,199391;0,320643;0,026324
754;6054,4;0,220032;0,316513;0,0256803
755;6063,2;0,23908;0,311962;0,0250799
756;6072;0,256876;0,307739;0,0244046
757;6080,8;0,272814;0,302755;0,0242044
758;6089,6;0,285534;0,296624;0,0239842
759;6098,4;0,295179;0,28993;0,0235631
760;6107,2;0,304142;0,284385;0,0232409
761;6116;0,312028;0,278814;0,0232098
762;6124,8;0,31831;0,272429;0,0224567
763;6133,6;0,323424;0,266128;0,0219095
764;6142,4;0,327477;0,260021;0,0215115
765;6151,2;0,33155;0,254997;0,0216371
766;6160;0,334373;0,249582;0,0209127
767;6168,8;0,337023;0,245245;0,0207609
768;6177,6;0,337699;0,238691;0,0197712
769;6186,4;0,337917;0,232016;0,0190914
770;6195,2;0,33831;0,225705;0,0184837
771;6204;0,339051;0,220744;0,01836
772;6212,8;0,338855;0,214522;0,0178827
773;6221,6;0,338977;0,208669;0,01783
774;6230,4;0,337747;0,202388;0,0174526
775;6239,2;0,33635;0,196704;0,0175546
776;6248;0,334738;0,190372;0,0173047
777;6256,8;0,332853;0,184442;0,0174209
778;6265,6;0,329014;0,178041;0,0168962
779;6274,4;0,325908;0,172781;0,0166851
780;6283,2;0,323078;0,167288;0,0162505
781;6292;0,320969;0,161975;0,0161245
782;6300,8;0,31834;0,15577;0,0157282
783;6309,6;0,315861;0,149952;0,0154732
784;6318,4;0,312413;0,144185;0,0149212
785;6327,2;0,309238;0,138635;0,0146989
786;6336;0,306288;0,13414;0,0145782
787;6344,8;0,304106;0,130499;0,0144783
788;6353,6;0,301156;0,125526;0,0138
789;6362,4;0,297671;0,120603;0,0133464
790;6371,2;0,298234;0,120436;0,0140755
791;6380;0,297212;0,116701;0,0143391
792;6388,8;0,29593;0,113079;0,0141997
793;6397,6;0,294572;0,109514;0,0141027
794;6406,4;0,291687;0,105431;0,013516
795;6415,2;0,289165;0,102635;0,0134624
796;6424;0,28678;0,0994909;0,0130577
797;6432,8;0,285972;0,0968158;0,0131325
798;6441,6;0,285646;0,0939763;0,0130966
799;6450,4;0,284477;0,0916024;0,0132554
800;6459,2;0,281787;0,0887722;0,0134314
801;6468;0,279605;0,0869386;0,01379
802;6476,8;0,276795;0,0843647;0,0133712
803;6485,6;0,274654;0,0821928;0,0131714
804;6494,4;0,27212;0,0799314;0,0128949
805;6503,2;0,270122;0,0782715;0,0129815
806;6512;0,266815;0,0758216;0,0126021
807;6520,8;0,264387;0,0743415;0,0127357
808;6529,6;0,261868;0,0723935;0,0125737
809;6538,4;0,260359;0,0712061;0,0128589
810;6547,2;0,258351;0,0696245;0,0131638
811;6556;0,256274;0,068046;0,0135004
812;6564,8;0,254458;0,06623;0,013408
813;6573,6;0,253284;0,0649832;0,0136958
814;6582,4;0,251802;0,0638721;0,0138082
815;6591,2;0,250698;0,063344;0,0139203
816;6600;0,248991;0,0625093;0,0139256
817;6608,8;0,247462;0,0617756;0,0143981
818;6617,6;0,245427;0,060486;0,0146622
819;6626,4;0,244181;0,0593185;0,0149156
820;6635,2;0,242661;0,0580317;0,0152129
821;6644;0,241635;0,0571249;0,0159627
822;6652,8;0,239649;0,0558355;0,0160471
823;6661,6;0,238336;0,0552809;0,0166161
824;6670,4;0,237198;0,0547334;0,0174522
825;6679,2;0,235381;0,0535983;0,017563
826;6688;0,233774;0,0524803;0,0175491
827;6696,8;0,232381;0,0514943;0,0180241
828;6705,6;0,230151;0,0504234;0,0184402
829;6714,4;0,227573;0,0494603;0,0188369
830;6723,2;0,2256;0,0486867;0,0195436
831;6732;0,223164;0,0476451;0,0198844
832;6740,8;0,220082;0,0463179;0,0202263
833;6749,6;0,217103;0,0454594;0,0205165
834;6758,4;0,213444;0,0444623;0,0202605
835;6767,2;0,208448;0,0430303;0,0197575
836;6776;0,202405;0,0415219;0,0194321
837;6784,8;0,196257;0,0399146;0,0192456
838;6793,6;0,190036;0,0383663;0,018961
839;6802,4;0,184839;0,0375689;0,0191045
840;6811,2;0,181988;0,0374559;0,0197557
841;6820;0,181212;0,0375448;0,0204993
842;6828,8;0,182016;0,0379691;0,0214454
843;6837,6;0,183228;0,0387231;0,0223343
844;6846,4;0,183886;0,0390299;0,0227082
845;6855,2;0,184577;0,0394456;0,0231628
846;6864;0,184877;0,0396966;0,0234708
847;6872,8;0,185226;0,0401059;0,023944
848;6881,6;0,185706;0,0402047;0,0243232
849;6890,4;0,186094;0,0407379;0,0251087
850;6899,2;0,186067;0,0410162;0,0257371
851;6908;0,18598;0,0415574;0,0265496
852;6916,8;0,18498;0,0416564;0,0266294
853;6925,6;0,184097;0,0424367;0,0268198
854;6934,4;0,182864;0,0430322;0,0268097
855;6943,2;0,181081;0,043412;0,0269527
856;6952;0,179184;0,0437022;0,0271626
857;6960,8;0,177974;0,0444941;0,0277853
858;6969,6;0,176121;0,0446708;0,0278717
859;6978,4;0,174433;0,0450659;0,0277124
860;6987,2;0,17255;0,0454279;0,0275969
861;6996;0,170035;0,0457686;0,0275831
862;7004,8;0,16782;0,0462475;0,0278655
863;7013,6;0,166318;0,0470305;0,028305
864;7022,4;0,164684;0,0473863;0,0283091
865;7031,2;0,163014;0,0481144;0,0284327
866;7040;0,16042;0,0485734;0,0284302
867;7048,8;0,157503;0,0488681;0,0282307
868;7057,6;0,154642;0,0488513;0,0279213
869;7066,4;0,152074;0,0492655;0,0278888
870;7075,2;0,148917;0,0494762;0,0275788
871;7084;0,145652;0,05003;0,0273784
872;7092,8;0,141412;0,049994;0,0267426
873;7101,6;0,136642;0,0497292;0,0261531
874;7110,4;0,131471;0,0488985;0,025443
875;7119,2;0,126425;0,0478083;0,0246398
876;7128;0,122098;0,0468019;0,0239712
877;7136,8;0,119159;0,0465767;0,023873
878;7145,6;0,117283;0,0470069;0,023907
879;7154,4;0,116029;0,0478857;0,0239752
880;7163,2;0,114652;0,0482379;0,023652
881;7172;0,113389;0,0485171;0,0231882
882;7180,8;0,112277;0,048902;0,0228294
883;7189,6;0,109662;0,0486298;0,0223547
884;7198,4;0,109391;0,0494444;0,0225305
885;7207,2;0,109983;0,0505665;0,0229438
886;7216;0,110185;0,0513927;0,0233313
887;7224,8;0,110358;0,0519843;0,023522
888;7233,6;0,11021;0,0521894;0,0235452
889;7242,4;0,11014;0,0527981;0,0237073
890;7251,2;0,110354;0,0536648;0,023597
891;7260;0,110822;0,0548917;0,023495
892;7268,8;0,110665;0,055606;0,023063
893;7277,6;0,110921;0,0563412;0,0227587
894;7286,4;0,111076;0,0565603;0,0222103
895;7295,2;0,111507;0,0568712;0,0219513
896;7304;0,111599;0,0570443;0,0217727
897;7312,8;0,111958;0,0576425;0,0221413
898;7321,6;0,112254;0,058115;0,0221972
899;7330,4;0,112442;0,058185;0,0219972
900;7339,2;0,112316;0,0582105;0,0217789
901;7348;0,112134;0,0585527;0,0218777
902;7356,8;0,111853;0,0587073;0,0216279
903;7365,6;0,112085;0,0588824;0,0212342
904;7374,4;0,112529;0,0589472;0,0205428
905;7383,2;0,112045;0,0584235;0,0197046
906;7392;0,111373;0,0583058;0,0194103
907;7400,8;0,110194;0,057754;0,0190863
908;7409,6;0,108072;0,0565407;0,0185731
909;7418,4;0,106198;0,0556042;0,018463
910;7427,2;0,103968;0,0540434;0,018096
911;7436;0,101211;0,0520422;0,0172908
912;7444,8;0,0988701;0,0505933;0,016543
913;7453,6;0,0973337;0,0499338;0,0162272
914;7462,4;0,0958728;0,0492675;0,0156952
915;7471,2;0,0947567;0,0484761;0,0148838
916;7480;0,0937353;0,0478389;0,0141588
917;7488,8;0,0924467;0,0471505;0,01338
918;7497,6;0,0910551;0,0463757;0,0127558
919;7506,4;0,0900801;0,0456063;0,0125705
920;7515,2;0,0886656;0,0444748;0,0122493
921;7524;0,0875423;0,0435389;0,0119563
922;7532,8;0,0867156;0,042784;0,0116541
923;7541,6;0,0860087;0,04211;0,011455
924;7550,4;0,084817;0,041319;0,0108232
925;7559,2;0,084066;0,0410144;0,0103767
926;7568;0,0838412;0,0409425;0,0102845
927;7576,8;0,0836768;0,040955;0,0102813
928;7585,6;0,0835008;0,0408446;0,010137
929;7594,4;0,0833477;0,0406605;0,00994989
930;7603,2;0,0832852;0,0404416;0,00973126
931;7612;0,083383;0,040196;0,0097669
932;7620,8;0,0826125;0,0396879;0,00966666
933;7629,6;0,0816987;0,0395515;0,00962045
934;7638,4;0,0813392;0,0398382;0,00974515
935;7647,2;0,081082;0,0399764;0,00968325
936;7656;0,0806007;0,0396619;0,00928189
937;7664,8;0,0805946;0,0397411;0,00908328
938;7673,6;0,0809369;0,0400576;0,00902726
939;7682,4;0,0813953;0,0404903;0,00932791
940;7691,2;0,0811807;0,0408442;0,00943189
941;7700;0,080424;0,0409303;0,00931307
942;7708,8;0,07968;0,040966;0,00912237
943;7717,6;0,0795874;0,0414069;0,00914119
944;7726,4;0,0792972;0,0413864;0,00882764
945;7735,2;0,0790304;0,0413855;0,00871144
946;7744;0,0784416;0,0413587;0,00860184
947;7752,8;0,0779053;0,0416644;0,00882299
948;7761,6;0,0774007;0,0419323;0,00896731
949;7770,4;0,0767639;0,0418659;0,00880634
950;7779,2;0,0756434;0,0413036;0,00839604
951;7788;0,0749997;0,04146;0,00871103
952;7796,8;0,0744883;0,0416982;0,00901608
953;7805,6;0,0735048;0,0415542;0,00893262
954;7814,4;0,0725276;0,0416188;0,0088435
955;7823,2;0,0715099;0,0415175;0,00884733
956;7832;0,0699845;0,0407788;0,00876566
957;7840,8;0,0680961;0,0398351;0,0088489
958;7849,6;0,0649896;0,0383093;0,00830619
959;7858,4;0,0607168;0,0362178;0,0075386
960;7867,2;0,0556825;0,0330662;0,00670224
961;7876;0,0503214;0,0295732;0,00594061
962;7884,8;0,0457094;0,0269121;0,00540585
963;7893,6;0,0423827;0,0253269;0,0052134
964;7902,4;0,040022;0,0242141;0,0050277
965;7911,2;0,0385234;0,0237532;0,00505409
966;7920;0,0381765;0,0239058;0,00529926
967;7928,8;0,0390146;0,0245508;0,00562725
968;7937,6;0,0402051;0,0254683;0,00581265
969;7946,4;0,0413364;0,0264959;0,00607513
970;7955,2;0,0424388;0,0277426;0,0067437
971;7964;0,0433844;0,0289707;0,00749557
972;7972,8;0,0439398;0,0294723;0,00774261
973;7981,6;0,0448564;0,0299393;0,00803601
974;7990,4;0,0457922;0,0305336;0,00827322
975;7999,2;0,0464541;0,0309887;0,00847257
976;8008;0,0445937;0,0294758;0,00819745
977;8016,8;0,0450451;0,029859;0,00842979
978;8025,6;0,0459083;0,0307311;0,00887094
979;8034,4;0,0470125;0,0319153;0,00955174
980;8043,2;0,047247;0,0323779;0,00981006
981;8052;0,0473144;0,0325035;0,0101892
982;8060,8;0,0473728;0,0325368;0,0108712
983;8069,6;0,04755;0,0326445;0,011842
984;8078,4;0,04794;0,0329779;0,0129321
985;8087,2;0,048278;0,0333825;0,0138818
986;8096;0,0483825;0,0334444;0,0144768
987;8104,8;0,0485004;0,0333873;0,0149812
988;8113,6;0,0481583;0,0332386;0,0154614
989;8122,4;0,0476893;0,0332422;0,0161249
990;8131,2;0,0471418;0,0332038;0,017044
991;8140;0,0463269;0,0329077;0,018072
992;8148,8;0,0455682;0,0326943;0,0193965
993;8157,6;0,0451776;0,0327342;0,0209873
994;8166,4;0,0450598;0,0327123;0,0224206
995;8175,2;0,0445194;0,0323413;0,0235332
996;8184;0,0440332;0,0323732;0,0248841
997;8192,8;0,0434803;0,0324057;0,0262396
998;8201,6;0,0428295;0,0321009;0,0274908
999;8210,4;0,0419908;0,0315932;0,0287218
1000;8219,2;0,0412815;0,0311956;0,0300981
1001;8228;0,0408633;0,0311518;0,0317013
1002;8236,8;0,0405232;0,0313283;0,0331858
1003;8245,6;0,0399331;0,0312123;0,0343372
1004;8254,4;0,0391945;0,0309359;0,0354996
1005;8263,2;0,0387535;0,0308682;0,0369289
1006;8272;0,0381254;0,0308345;0,0382136
1007;8280,8;0,0373742;0,0306338;0,0394497
1008;8289,6;0,0369113;0,0302762;0,0407123
1009;8298,4;0,036546;0,0299096;0,0420702
1010;8307,2;0,0364327;0,0299669;0,0434555
1011;8316;0,0359541;0,0297098;0,0440192
1012;8324,8;0,035231;0,0294015;0,0439272
1013;8333,6;0,0344695;0,0293475;0,0439398
1014;8342,4;0,0339689;0,0295787;0,0443454
1015;8351,2;0,0335861;0,0296545;0,0447884
1016;8360;0,0334592;0,0295888;0,044971
1017;8368,8;0,0332748;0,0292654;0,0449144
1018;8377,6;0,0331125;0,0290605;0,04482
1019;8386,4;0,0325795;0,0284902;0,0443044
1020;8395,2;0,0317779;0,0278986;0,0436791
1021;8404;0,0309529;0,0275081;0,0429934
1022;8412,8;0,030309;0,027383;0,0424095
1023;8421,6;0,0293872;0,0267698;0,0414392
1024;8430,4;0,0284266;0,0258125;0,0404698
1025;8439,2;0,0276377;0,025049;0,0398387
1026;8448;0,0269222;0,0243936;0,0392624
1027;8456,8;0,0263709;0,0239239;0,0386299
1028;8465,6;0,0258595;0,0236405;0,0379516
1029;8474,4;0,0250255;0,0230533;0,0369182
1030;8483,2;0,0246144;0,0225544;0,0361427
1031;8492;0,0245849;0,022346;0,0358341
1032;8500,8;0,0246976;0,0223975;0,0358406
1033;8509,6;0,0245567;0,0223949;0,0358776
1034;8518,4;0,0242485;0,0223624;0,0358708
1035;8527,2;0,0238551;0,0222924;0,035788
1036;8536;0,0233195;0,022016;0,035577
1037;8544,8;0,0227495;0,0215446;0,0351886
1038;8553,6;0,0222539;0,0211073;0,0346488
1039;8562,4;0,0219689;0,0208716;0,0342123
1040;8571,2;0,0217891;0,0206427;0,0340434
1041;8580;0,0217316;0,0205585;0,0345518
1042;8588,8;0,0216198;0,0202744;0,0351498
1043;8597,6;0,0217045;0,0201004;0,0355611
1044;8606,4;0,0217126;0,0200133;0,035569
1045;8615,2;0,0213912;0,0199025;0,0354204
1046;8624;0,0209743;0,0197838;0,0355691
1047;8632,8;0,0208332;0,0196453;0,0358172
1048;8641,6;0,0210486;0,0197626;0,0361789
1049;8650,4;0,0212349;0,019827;0,0366715
1050;8659,2;0,0210856;0,0198385;0,0369886
1051;8668;0,0208231;0,01971;0,0370768
1052;8676,8;0,0205038;0,0193377;0,0367645
1053;8685,6;0,0201394;0,0191495;0,0367521
1054;8694,4;0,0198425;0,0190634;0,0371191
1055;8703,2;0,0198367;0,0189669;0,0374028
1056;8712;0,0201694;0,0189968;0,0376679
1057;8720,8;0,0201382;0,0187434;0,0376457
1058;8729,6;0,0196669;0,0183081;0,0373365
1059;8738,4;0,019413;0,018374;0,0372104
1060;8747,2;0,0191743;0,0186231;0,0369689
1061;8756;0,0185483;0,0184839;0,0364575
1062;8764,8;0,0182546;0,0183415;0,0362406
1063;8773,6;0,018403;0,0182606;0,0360985
1064;8782,4;0,0185095;0,0180014;0,0357876
1065;8791,2;0,0183969;0,0176148;0,0354903
1066;8800;0,0182945;0,0173807;0,0354267
1067;8808,8;0,0181215;0,0173282;0,035344
1068;8817,6;0,0179588;0,0173577;0,0351217
1069;8826,4;0,0168031;0,0162166;0,0324548
1070;8835,2;0,016523;0,0160318;0,0322144
1071;8844;0,0162345;0,0157154;0,0318944
1072;8852,8;0,0159667;0,0154262;0,0315226
1073;8861,6;0,0157618;0,0153389;0,0313395
1074;8870,4;0,015679;0,0154876;0,0312329
1075;8879,2;0,015498;0,015481;0,0308919
1076;8888;0,0151337;0,0151607;0,0304286
1077;8896,8;0,0149015;0,0147792;0,030035
1078;8905,6;0,0146071;0,0144083;0,0295039
1079;8914,4;0,0144132;0,0143189;0,028885
1080;8923,2;0,0141733;0,0144214;0,028263
1081;8932;0,0139049;0,0144146;0,0276776
1082;8940,8;0,0138755;0,0141992;0,027199
1083;8949,6;0,0137068;0,0137482;0,0265439
1084;8958,4;0,01344;0,0133118;0,0257877
1085;8967,2;0,0132421;0,0131945;0,025099
1086;8976;0,0127081;0,0127963;0,02401
1087;8984,8;0,0121347;0,0122661;0,0233052
1088;8993,6;0,0121745;0,012278;0,0236559
1089;9002,4;0,0121102;0,0123279;0,0240768
1090;9011,2;0,0120076;0,0124584;0,0244176
1091;9020;0,0122255;0,0127916;0,0247875
1092;9028,8;0,0120503;0,0125809;0,0245064
1093;9037,6;0,0115235;0,011986;0,023938
1094;9046,4;0,0111223;0,0115939;0,0236383
1095;9055,2;0,010785;0,0113347;0,0234986
1096;9064;0,0105372;0,011109;0,023143
1097;9072,8;0,0106869;0,0110434;0,0225641
1098;9081,6;0,0108518;0,0108921;0,0218595
1099;9090,4;0,0108431;0,0108484;0,0214506
1100;9099,2;0,0107117;0,0110186;0,021568
1101;9108;0,0102987;0,0110597;0,021725
1102;9116,8;0,00992415;0,010895;0,0216955
1103;9125,6;0,00989147;0,0104611;0,0216254
1104;9134,4;0,00998942;0,0099015;0,0213905
1105;9143,2;0,00993014;0,00955655;0,0210439
1106;9152;0,00992966;0,00976572;0,0208881
1107;9160,8;0,00977428;0,010051;0,0208839
1108;9169,6;0,0093872;0,0100284;0,0208734
1109;9178,4;0,00904826;0,00981497;0,0207379
1110;9187,2;0,00891554;0,00956587;0,0206465
1111;9196;0,00904946;0,00952635;0,020734
1112;9204,8;0,00895678;0,00933063;0,0206386
1113;9213,6;0,0086257;0,00908407;0,020467
1114;9222,4;0,00858813;0,0092316;0,020525
1115;9231,2;0,00857474;0,00930671;0,0204679
1116;9240;0,00837783;0,00908339;0,0201391
1117;9248,8;0,00799374;0,00867859;0,0196602
1118;9257,6;0,00765534;0,00839882;0,0191976
1119;9266,4;0,00746031;0,0081655;0,0187663
1120;9275,2;0,00730353;0,00787619;0,0184563
1121;9284;0,00711622;0,00755287;0,0182922
1122;9292,8;0,00688476;0,00714209;0,0181767
1123;9301,6;0,00674178;0,00696902;0,0180705
1124;9310,4;0,00657594;0,00688679;0,0176641
1125;9319,2;0,00627987;0,00665789;0,016977
1126;9328;0,00600976;0,00645287;0,0163968
1127;9336,8;0,00593513;0,00636068;0,0161332
1128;9345,6;0,00584969;0,00615166;0,0158892
1129;9354,4;0,00575844;0,00598494;0,0157935
1130;9363,2;0,00572966;0,00598393;0,0159156
1131;9372;0,00565695;0,00593973;0,015761
1132;9380,8;0,00553605;0,00582748;0,0153118
1133;9389,6;0,00559461;0,005936;0,0152562
1134;9398,4;0,00572367;0,0060643;0,0155972
1135;9407,2;0,0054968;0,00587665;0,0155567
1136;9416;0,00504077;0,00547987;0,0147701
1137;9424,8;0,00480131;0,00520685;0,0139843
1138;9433,6;0,00486317;0,00529728;0,0137959
1139;9442,4;0,00491741;0,00547522;0,0138409
1140;9451,2;0,0049018;0,00546847;0,0137367
1141;9460;0,00481941;0,00525604;0,0133834
1142;9468,8;0,00468402;0,00496318;0,0129922
1143;9477,6;0,00454446;0,00465501;0,0129213
1144;9486,4;0,00451287;0,00441725;0,0133168
1145;9495,2;0,0045294;0,00423559;0,0137132
1146;9504;0,00459066;0,00416976;0,013819
1147;9512,8;0,00444008;0,00414123;0,0136458
1148;9521,6;0,00422754;0,00424504;0,013684
1149;9530,4;0,00403866;0,00429593;0,0138243
1150;9539,2;0,00377719;0,00424119;0,0136848
1151;9548;0,00364594;0,00417059;0,0133422
1152;9556,8;0,00372805;0,00412839;0,013081
1153;9565,6;0,00389356;0,00412974;0,0131267
1154;9574,4;0,00402682;0,0041131;0,013183
1155;9583,2;0,00400675;0,00403289;0,0129861
1156;9592;0,00384353;0,00388166;0,012697
1157;9600,8;0,0036586;0,00374439;0,0125417
1158;9609,6;0,00360724;0,00375578;0,0125959
1159;9618,4;0,00352002;0,00365798;0,012432
1160;9627,2;0,00331061;0,00346763;0,0118008
1161;9636;0,00316351;0,00340302;0,0111866
1162;9644,8;0,00289082;0,00301536;0,00993922
1163;9653,6;0,00285393;0,00288242;0,00992003
1164;9662,4;0,00285413;0,00284333;0,00986755
1165;9671,2;0,00275751;0,00273995;0,00960644
1166;9680;0,00263227;0,00262218;0,0095259
1167;9688,8;0,00250558;0,00258344;0,00946686
1168;9697,6;0,00240116;0,00253184;0,00921601
1169;9706,4;0,00226712;0,00242843;0,00887922
1170;9715,2;0,00213257;0,00236581;0,00853096
1171;9724;0,00207042;0,00234771;0,00815252
1172;9732,8;0,00208346;0,00238347;0,00802941
1173;9741,6;0,00225587;0,00259388;0,00849543
1174;9750,4;0,00241916;0,0028285;0,00905658
1175;9759,2;0,00232642;0,00279877;0,00909936
1176;9768;0,00211453;0,00255751;0,00873661
1177;9776,8;0,00192692;0,00244781;0,0083445
1178;9785,6;0,00183512;0,00252856;0,00816185
1179;9794,4;0,00187398;0,00256525;0,00802503
1180;9803,2;0,00188636;0,00249668;0,00786159
1181;9812;0,00192298;0,00251332;0,00800219
1182;9820,8;0,0019075;0,00250173;0,00815901
1183;9829,6;0,00175925;0,00239381;0,00789379
1184;9838,4;0,00170448;0,00246822;0,00766323
1185;9847,2;0,00167107;0,00265348;0,00757981
1186;9856;0,00160871;0,00272253;0,00747118
1187;9864,8;0,00168359;0,00276525;0,0074678
1188;9873,6;0,00175926;0,00274161;0,00744576
1189;9882,4;0,00166769;0,00267076;0,00744393
1190;9891,2;0,00162314;0,00274792;0,00755611
1191;9900;0,00171468;0,00288879;0,00761653
1192;9908,8;0,00175372;0,00292715;0,00744602
1193;9917,6;0,00176497;0,00291527;0,00708197
1194;9926,4;0,00174517;0,00293957;0,00677977
1195;9935,2;0,00172483;0,00307842;0,00674832
1196;9944;0,00177677;0,00337163;0,0069075
1197;9952,8;0,00178317;0,00357665;0,00704058
1198;9961,6;0,00180694;0,00363676;0,00718884
1199;9970,4;0,00190487;0,00368438;0,00745964
1200;9979,2;0,00194362;0,00368911;0,00765353
1201;9988;0,00196693;0,00376136;0,00772311
1202;9996,8;0,00204372;0,00395323;0,00774164
1203;10005,6;0,00197071;0,00401118;0,00755866
1204;10014,4;0,0018981;0,00408743;0,00736453
1205;10023,2;0,00191497;0,00423541;0,00720878
1206;10032;0,00185578;0,00419096;0,00683545
1207;10040,8;0,00184736;0,00406035;0,00644799
1208;10049,6;0,00190557;0,00398775;0,00628318
1209;10058,4;0,00194568;0,00394319;0,00621776
1210;10067,2;0,00196786;0,00388954;0,00617891
1211;10076;0,00200929;0,00396926;0,00621739
1212;10084,8;0,00197722;0,00415363;0,00618414
1213;10093,6;0,00187333;0,00417732;0,00600444
1214;10102,4;0,00193437;0,00423668;0,0059911
1215;10111,2;0,00200761;0,00445842;0,00625226
1216;10120;0,00199662;0,0046078;0,00649902
1217;10128,8;0,00204115;0,00471511;0,00666523
1218;10137,6;0,00207804;0,00478415;0,00680677
1219;10146,4;0,00205926;0,00471738;0,00677015
1220;10155,2;0,00204789;0,00463786;0,00663141
1221;10164;0,00207325;0,0047083;0,00666374
1222;10172,8;0,00198593;0,00474131;0,00659549
1223;10181,6;0,00183171;0,0046345;0,00634805
1224;10190,4;0,00183482;0,00469528;0,0061675
1225;10199,2;0,0019872;0,00496142;0,00611179
1226;10208;0,00210016;0,00509308;0,00602324
1227;10216,8;0,00203365;0,00508645;0,00591989
1228;10225,6;0,00201773;0,0052894;0,00620301
1229;10234,4;0,00202381;0,00547083;0,00655835
1230;10243,2;0,00192016;0,00555531;0,006752
1231;10252;0,00183589;0,00552567;0,006799
1232;10260,8;0,00179294;0,00528896;0,00666109
1233;10269,6;0,00183303;0,00514276;0,00650674
1234;10278,4;0,0018382;0,00503897;0,0062353
1235;10287,2;0,00186618;0,00507649;0,00599972
1236;10296;0,00191907;0,00522224;0,00585031
1237;10304,8;0,00190878;0,0054293;0,00582337
1238;10313,6;0,00191935;0,00574537;0,00598003
1239;10322,4;0,00196284;0,00598782;0,00608552
1240;10331,2;0,00207935;0,00608074;0,00602204
1241;10340;0,00203209;0,00583484;0,00562421
1242;10348,8;0,00181593;0,00539322;0,0051349
1243;10357,6;0,00178246;0,00532201;0,00511247
1244;10366,4;0,0018327;0,00554066;0,00532798
1245;10375,2;0,0017281;0,00556426;0,00524371
1246;10384;0,00163234;0,00556806;0,00499396
1247;10392,8;0,00171339;0,00572317;0,00504678
1248;10401,6;0,00174485;0,00568188;0,0052442
1249;10410,4;0,00168295;0,00544553;0,00530711
1250;10419,2;0,00168975;0,00538883;0,0053141
1251;10428;0,00169481;0,00546434;0,00521748
1252;10436,8;0,00168495;0,0055033;0,00510461
1253;10445,6;0,00170633;0,00549544;0,00495517
1254;10454,4;0,0017196;0,00548367;0,00458201
1255;10463,2;0,00161506;0,00498217;0,0038065
1256;10472;0,00163173;0,0049942;0,00367559
1257;10480,8;0,00166027;0,00504801;0,00373314
1258;10489,6;0,00164354;0,00517955;0,00394779
1259;10498,4;0,00160374;0,00525684;0,00417962
1260;10507,2;0,00159554;0,00530199;0,00438276
1261;10516;0,00156745;0,00516206;0,00440908
1262;10524,8;0,00145746;0,00490671;0,00432413
1263;10533,6;0,00147471;0,00485867;0,00439508
1264;10542,4;0,00159612;0,00498064;0,00452973
1265;10551,2;0,00165955;0,0049744;0,00443848
1266;10560;0,0016151;0,00479497;0,00418576
1267;10568,8;0,00151821;0,00460499;0,00393758
1268;10577,6;0,0015215;0,00463531;0,00372667
1269;10586,4;0,00163214;0,00495207;0,00362853
1270;10595,2;0,00160273;0,00509628;0,00342293
1271;10604;0,00148835;0,00498496;0,00325175
1272;10612,8;0,00151316;0,00499217;0,00331812
1273;10621,6;0,00162428;0,00517765;0,0034796
1274;10630,4;0,00168483;0,00529812;0,00361281
1275;10639,2;0,00168605;0,00529869;0,00359263
1276;10648;0,00156613;0,00519772;0,00345881
1277;10656,8;0,0014482;0,0051452;0,00334904
1278;10665,6;0,00142443;0,00516965;0,00330776
1279;10674,4;0,0014031;0,00506201;0,00318683
1280;10683,2;0,00144083;0,0049677;0,00314065
1281;10692;0,00147573;0,00489799;0,00318773
1282;10700,8;0,00148729;0,00475054;0,00315668
1283;10709,6;0,0014286;0,00455149;0,00292316
1284;10718,4;0,00140312;0,00457676;0,00275601
1285;10727,2;0,00150614;0,00493287;0,00278511
1286;10736;0,00157326;0,00522503;0,00279401
1287;10744,8;0,0015816;0,00524892;0,00268477
1288;10753,6;0,00150317;0,00497611;0,00247116
1289;10762,4;0,0013536;0,00458556;0,00225614
1290;10771,2;0,00131096;0,00442217;0,00216338
1291;10780;0,00138193;0,00455601;0,00227717
1292;10788,8;0,00145089;0,00481106;0,00252457
1293;10797,6;0,00153808;0,0050055;0,00269816
1294;10806,4;0,00160726;0,00508234;0,00272236
1295;10815,2;0,00153691;0,00500296;0,00258866
1296;10824;0,00151348;0,00507318;0,00250575
1297;10832,8;0,00161144;0,00528254;0,00247367
1298;10841,6;0,00169892;0,00541853;0,00235405
1299;10850,4;0,00181081;0,00540234;0,0022552
1300;10859,2;0,00199348;0,00547927;0,00226753
1301;10868;0,00199807;0,00552887;0,00225152
